tree
version=v4
num_class=1
num_tree_per_iteration=1
label_index=0
max_feature_idx=8
objective=regression
feature_names=sector process_kind share_of_energy output_tonnes_per_year share_grid_electricity share_natural_gas share_coal share_pet_coke share_biomass
feature_infos=-1:1:2:3:0 -1:1:3:5:4:0:2:6 [0.050000000000000003:0.55000000000000004] [2059.2999999999997:58418.499999999993] [0:1] [0:0.85000130143558361] [0:0.5500026089227531] [0:0.15000114115641186] [0:0.25000231622678404]
tree_sizes=721 765 772 776 754 754 775 772 758 781 775 783 767 773 788 789 781 780 775 781 805 686 780 806 790 800 809 778 772 771 693 775 813 777 798 831 782 777 696 817 710 603 698 779 522 702 621 800 701 816 792 526 603 532 523 533 526 604 551 797 618 606 532 788 616 525 810 602 787 606 536 503 815 523 606 536 787 605 789 518 628 605 788 535 520 787 525 522 520 788 717 504 801 535 606 806 609 520 631 772 609 522 832 608 802 519 524 610 522 790 526 608 796 538 522 836 608 529 522 802 530 523 529 526 808 524 787 610 610 620 819 835 611 615 525 791 616 820 611 615 542 834 525 800 610 801 525 713 792 619

Tree=0
num_leaves=7
num_cat=0
split_feature=3 3 3 3 3 3
split_gain=2.93952 0.445373 0.628347 0.16248 0.235521 0.125763
threshold=6263.4000000000015 10639.050000000003 21436.950000000004 5904.6000000000013 3732.150000000001 7079.6500000000005
decision_type=2 2 2 2 2 2
left_child=3 5 -3 4 -1 -2
right_child=1 2 -4 -5 -6 -7
leaf_value=1.0368046847594483 1.0266882078638828 1.0239557424406294 1.0291750066819512 1.0398031895669797 1.0327906647599885 1.0298478384967322
leaf_weight=60 40 160 90 14.999999999999998 100 135
leaf_count=60 40 160 90 15 100 135
internal_value=1.02942 1.02718 1.02583 1.03486 1.03433 1.02911
internal_weight=600 425 250 175 160 175
internal_count=600 425 250 175 160 175
is_linear=0
shrinkage=1


Tree=1
num_leaves=7
num_cat=0
split_feature=3 3 3 3 3 3
split_gain=2.65796 0.402072 0.56744 0.148379 0.213054 0.113765
threshold=6263.4000000000015 10639.050000000003 21436.950000000004 5904.6000000000013 3732.150000000001 7079.6500000000005
decision_type=2 2 2 2 2 2
left_child=3 5 -3 4 -1 -2
right_child=1 2 -4 -5 -6 -7
leaf_value=0.007019660307369272 -0.002600377873040554 -0.0051945837969842555 -0.00023472089984692161 0.0098946299753151848 0.0032019576628630206 0.00040476156265118764
leaf_weight=60 40 160 90 14.999999999999998 100 135
leaf_count=60 40 160 90 15 100 135
internal_value=1.0908e-06 -0.0021344 -0.00341708 0.00516995 0.0046683 -0.000293
internal_weight=600 425 250 175 160 175
internal_count=600 425 250 175 160 175
is_linear=0
shrinkage=0.05


Tree=2
num_leaves=7
num_cat=0
split_feature=3 3 3 3 3 3
split_gain=2.40338 0.369801 0.433567 0.141627 0.135499 0.192731
threshold=6263.4000000000015 9307.0000000000018 21436.950000000004 7079.6500000000005 5904.6000000000013 3732.150000000001
decision_type=2 2 2 2 2 2
left_child=4 3 -3 -2 5 -1
right_child=1 2 -4 -5 -6 -7
leaf_value=0.0066744311422598165 -0.0024735301931774838 -0.0044350238562030084 -0.00022311377579571458 0.00098711018503274566 0.0094308191561140123 0.0030434449120323257
leaf_weight=60 40 190 90 105 14.999999999999998 100
leaf_count=60 40 190 90 105 15 100
internal_value=2.0755e-06 -0.00202858 -0.00308681 2.20475e-05 0.00491717 0.00443806
internal_weight=600 425 280 145 175 160
internal_count=600 425 280 145 175 160
is_linear=0
shrinkage=0.05


Tree=3
num_leaves=7
num_cat=0
split_feature=3 3 3 3 3 4
split_gain=2.17311 0.336879 0.467932 0.123732 0.174345 0.0980768
threshold=6263.4000000000015 10639.050000000003 21436.950000000004 5904.6000000000013 3732.150000000001 0.24999980432684774
decision_type=2 2 2 2 2 2
left_child=3 5 -3 4 -1 -2
right_child=1 2 -4 -5 -6 -7
leaf_value=0.0063461801799617277 0.0027309244246377304 -0.0047160939973640197 -0.00021208072769465848 0.0089887492707930502 0.0028927793595501881 -0.00070734772910333542
leaf_weight=60 23 160 90 14.999999999999998 100 152
leaf_count=60 23 160 90 15 100 152
internal_value=3.05357e-06 -0.00192787 -0.00310195 0.00467675 0.00421918 -0.000242511
internal_weight=600 425 250 175 160 175
internal_count=600 425 250 175 160 175
is_linear=0
shrinkage=0.05


Tree=4
num_leaves=7
num_cat=0
split_feature=3 3 3 3 3 3
split_gain=1.96468 0.305913 0.355397 0.127542 0.113226 0.430924
threshold=6263.4000000000015 9307.0000000000018 21436.950000000004 7079.6500000000005 3088.6000000000004 3732.150000000001
decision_type=2 2 2 2 2 2
left_child=4 3 -3 -2 -1 -6
right_child=1 2 -4 -5 5 -7
leaf_value=0.0015847564866435866 -0.0023351375359996428 -0.0040149461777871038 -0.00020159312650551097 0.00094892677910327213 0.010288742809526382 0.0035757348317239468
leaf_weight=30 40 190 90 105 30 115
leaf_count=30 40 190 90 105 30 115
internal_value=4.17575e-06 -0.00183182 -0.0027943 3.3189e-05 0.00444809 0.00502559
internal_weight=600 425 280 145 175 145
internal_count=600 425 280 145 175 145
is_linear=0
shrinkage=0.05


Tree=5
num_leaves=7
num_cat=0
split_feature=3 3 3 3 3 3
split_gain=1.77779 0.241993 0.385981 0.205643 0.105993 0.481562
threshold=6495.4500000000016 10639.050000000003 21436.950000000004 6956.6000000000013 3732.150000000001 3339.0500000000006
decision_type=2 2 2 2 2 2
left_child=4 3 -3 -2 5 -1
right_child=1 2 -4 -5 -6 -7
leaf_value=0.0018545095957556948 -0.0049402432250125073 -0.0042822533545246273 -0.00019162430090236142 0.00036383166422915535 0.0031445318964127369 0.010904072024501287
leaf_weight=35 20 160 90 140 130 25
leaf_count=35 20 160 90 140 130 25
internal_value=4.78611e-06 -0.00184751 -0.00281626 -0.000325744 0.00399059 0.0057421
internal_weight=600 410 250 160 190 60
internal_count=600 410 250 160 190 60
is_linear=0
shrinkage=0.05


Tree=6
num_leaves=7
num_cat=0
split_feature=3 3 3 3 3 4
split_gain=1.61281 0.253252 0.348567 0.120248 0.136265 0.0860976
threshold=6263.4000000000015 10639.050000000003 21436.950000000004 5904.6000000000013 3732.150000000001 0.24999980432684774
decision_type=2 2 2 2 2 2
left_child=3 5 -3 4 -1 -2
right_child=1 2 -4 -5 -6 -7
leaf_value=0.0054654546853032757 0.0025885180863648811 -0.004069470670775609 -0.00018214837105555849 0.0082523892633616924 0.0024168859657803829 -0.00063284534277710947
leaf_weight=60 23 160 90 14.999999999999998 100 152
leaf_count=60 23 160 90 15 100 152
internal_value=5.11691e-06 -0.00165836 -0.00267634 0.00403146 0.00358695 -0.000197164
internal_weight=600 425 250 175 160 175
internal_count=600 425 250 175 160 175
is_linear=0
shrinkage=0.05


Tree=7
num_leaves=7
num_cat=0
split_feature=3 3 3 3 3 3
split_gain=1.45817 0.231193 0.265114 0.109717 0.123262 0.109129
threshold=6263.4000000000015 9307.0000000000018 21436.950000000004 5904.6000000000013 3732.150000000001 7079.6500000000005
decision_type=2 2 2 2 2 2
left_child=3 5 -3 4 -1 -2
right_child=1 2 -4 -5 -6 -7
leaf_value=0.0051966618486970172 -0.0021453185024012519 -0.0034666999231619242 -0.0001731409252477953 0.0078655587538378324 0.0022972381886412932 0.00089245917866410658
leaf_weight=60 40 190 90 14.999999999999998 100 105
leaf_count=60 40 190 90 15 100 105
internal_value=6.01244e-06 -0.00157571 -0.00241244 0.00383447 0.00341005 4.54974e-05
internal_weight=600 425 280 175 160 145
internal_count=600 425 280 175 160 145
is_linear=0
shrinkage=0.05


Tree=8
num_leaves=7
num_cat=0
split_feature=3 3 3 3 3 3
split_gain=1.32644 0.180377 0.287503 0.177989 0.0898471 0.366009
threshold=6495.4500000000016 10639.050000000003 21436.950000000004 6956.6000000000013 3088.6000000000004 3732.150000000001
decision_type=2 2 2 2 2 2
left_child=4 3 -3 -2 -1 -6
right_child=1 2 -4 -5 5 -7
leaf_value=0.00090243148377105108 -0.004572700131462798 -0.0036950025143483601 -0.00016457912368843188 0.00036179417288525312 0.0088203552509507829 0.0027285157380055082
leaf_weight=30 20 160 90 140 30 130
leaf_count=30 20 160 90 140 30 130
internal_value=6.58256e-06 -0.0015934 -0.00242977 -0.000279588 0.00344943 0.00391843
internal_weight=600 410 250 160 190 160
internal_count=600 410 250 160 190 160
is_linear=0
shrinkage=0.05


Tree=9
num_leaves=7
num_cat=0
split_feature=3 3 3 3 3 3
split_gain=1.19923 0.181331 0.31944 0.0812055 0.331845 0.256252
threshold=6495.4500000000016 50119.900000000009 29843.900000000005 3088.6000000000004 3732.150000000001 2296.1500000000001
decision_type=2 2 2 2 2 2
left_child=3 2 -2 5 -5 -1
right_child=1 -3 -4 4 -6 -7
leaf_value=0.0053087583044543855 -0.0018774388183989449 -0.0060486633463629653 0.0020640837958036755 0.0083935638949755708 0.0025931313185253227 -0.00364490031497553
leaf_weight=15.000000000000002 330 20 60 30 130 14.999999999999998
leaf_count=15 330 20 60 30 130 15
internal_value=6.61788e-06 -0.00151471 -0.00126732 0.00328022 0.00372609 0.000858765
internal_weight=600 410 390 190 160 30
internal_count=600 410 390 190 160 30
is_linear=0
shrinkage=0.05


Tree=10
num_leaves=7
num_cat=0
split_feature=3 3 3 3 3 3
split_gain=1.08663 0.19249 0.246722 0.10566 0.0959695 0.0759776
threshold=6263.4000000000015 10639.050000000003 21436.950000000004 5904.6000000000013 3732.150000000001 7079.6500000000005
decision_type=2 2 2 2 2 2
left_child=3 5 -3 4 -1 -2
right_child=1 2 -4 -5 -6 -7
leaf_value=0.0044751469881777637 -0.0019714537434416209 -0.0034181109814679037 -0.00014770277729449837 0.0072474083128327045 0.0019200655553342388 0.00048408258230398031
leaf_weight=60 40 160 90 14.999999999999998 100 135
leaf_count=60 40 160 90 15 100 135
internal_value=6.85179e-06 -0.00135857 -0.00224604 0.00331176 0.00290007 -8.51953e-05
internal_weight=600 425 250 175 160 175
internal_count=600 425 250 175 160 175
is_linear=0
shrinkage=0.05


Tree=11
num_leaves=7
num_cat=0
split_feature=3 3 3 3 3 3
split_gain=0.987791 0.169318 0.277483 0.078885 0.288824 0.23291
threshold=6495.4500000000016 50119.900000000009 29843.900000000005 3088.6000000000004 3732.150000000001 2296.1500000000001
decision_type=2 2 2 2 2 2
left_child=3 2 -2 5 -5 -1
right_child=1 -3 -4 4 -6 -7
leaf_value=0.0048501377570573812 -0.0017034410929878516 -0.0057535983289458926 0.0019698354868374797 0.0077708842202780714 0.0023609738023809466 -0.0036838181666098537
leaf_weight=15.000000000000002 330 20 60 30 130 14.999999999999998
leaf_count=15 330 20 60 30 130 15
internal_value=7.22378e-06 -0.00137349 -0.00113473 0.00297825 0.0034173 0.000601971
internal_weight=600 410 390 190 160 30
internal_count=600 410 390 190 160 30
is_linear=0
shrinkage=0.05


Tree=12
num_leaves=7
num_cat=0
split_feature=3 3 3 3 3 3
split_gain=0.893045 0.153771 0.250697 0.0719514 0.330023 0.191879
threshold=6495.4500000000016 50119.900000000009 29843.900000000005 3339.0500000000006 3732.150000000001 2328.9500000000003
decision_type=2 2 2 2 2 2
left_child=3 2 -2 5 -5 -1
right_child=1 -3 -4 4 -6 -7
leaf_value=0.0038827053692546635 -0.0016185263578454316 -0.0054796176252975351 0.0018729583306818225 0.0084508919372008398 0.0022438261746819919 -0.0033895341795869174
leaf_weight=20 330 20 60 25 130 14.999999999999998
leaf_count=20 330 20 60 25 130 15
internal_value=7.346e-06 -0.00130548 -0.00107796 0.0028323 0.00329272 0.000758452
internal_weight=600 410 390 190 155 35
internal_count=600 410 390 190 155 35
is_linear=0
shrinkage=0.05


Tree=13
num_leaves=7
num_cat=0
split_feature=3 3 3 3 3 3
split_gain=0.809945 0.178191 0.167655 0.100953 0.100886 0.0751117
threshold=6263.4000000000015 9307.0000000000018 21436.950000000004 7079.6500000000005 5904.6000000000013 3732.150000000001
decision_type=2 2 2 2 2 2
left_child=4 3 -3 -2 5 -1
right_child=1 2 -4 -5 -6 -7
leaf_value=0.0038544801384454868 -0.0018582399170022322 -0.0027443747107775795 -0.00012538993787429819 0.0010638799894774633 0.0066918359894771132 0.0015970524526685292
leaf_weight=60 40 190 90 105 14.999999999999998 100
leaf_count=60 40 190 90 105 15 100
internal_value=7.47479e-06 -0.00117137 -0.001906 0.000250572 0.00286077 0.00246227
internal_weight=600 425 280 145 175 160
internal_count=600 425 280 145 175 160
is_linear=0
shrinkage=0.05


Tree=14
num_leaves=7
num_cat=1
split_feature=3 0 3 3 3 3
split_gain=0.741949 0.142669 0.222254 0.146154 0.13203 0.247927
threshold=7237.4499999999998 0 6495.4500000000016 3732.150000000001 50119.900000000009 29843.900000000005
decision_type=2 1 2 2 2 2
left_child=1 3 -3 -1 5 -2
right_child=4 2 -4 -5 -6 -7
leaf_value=0.008138330839574338 -0.0017172311001534557 0.0018150435221857978 -0.0039249951285975316 0.0029204637718410011 -0.0052127124209489142 0.0017870123488599528
leaf_weight=14.999999999999998 295 85 20 105 20 60
leaf_count=15 295 85 20 105 20 60
internal_value=7.80646e-06 0.00227191 0.000635076 0.00335712 -0.00135308 -0.00112161
internal_weight=600 225 105 120 375 355
internal_count=600 225 105 120 375 355
cat_boundaries=0 1
cat_threshold=10
is_linear=0
shrinkage=0.05


Tree=15
num_leaves=7
num_cat=1
split_feature=3 0 3 3 3 3
split_gain=0.670645 0.129347 0.201351 0.133221 0.119924 0.223991
threshold=7237.4499999999998 0 6495.4500000000016 3732.150000000001 50119.900000000009 29843.900000000005
decision_type=2 1 2 2 2 2
left_child=1 3 -3 -1 5 -2
right_child=4 2 -4 -5 -6 -7
leaf_value=0.0077568466658703983 -0.0016316595927344532 0.001725346592883038 -0.0037380909303291925 0.0027758181672944155 -0.0049644880662006998 0.0016991265110488309
leaf_weight=14.999999999999998 295 85 20 105 20 60
leaf_count=15 295 85 20 105 20 60
internal_value=7.73278e-06 0.00216029 0.000602413 0.00319348 -0.00128611 -0.00106552
internal_weight=600 225 105 120 375 355
internal_count=600 225 105 120 375 355
cat_boundaries=0 1
cat_threshold=10
is_linear=0
shrinkage=0.05


Tree=16
num_leaves=7
num_cat=2
split_feature=3 0 3 3 0 3
split_gain=0.609673 0.286942 0.366294 0.143051 0.143009 0.158885
threshold=9307.0000000000018 0 6530.2000000000016 3732.150000000001 1 50119.900000000009
decision_type=2 1 2 2 1 2
left_child=1 3 -3 -1 5 -2
right_child=4 2 -4 -5 -6 -7
leaf_value=0.0073932444094680257 -8.3887600715793303e-05 0.001492563198105647 -0.0039823072660985183 0.0023942088434603394 -0.0030064939152764942 -0.004728083937273672
leaf_weight=14.999999999999998 150 90 45 170 110 20
leaf_count=15 150 90 45 170 110 20
internal_value=7.64756e-06 0.00149638 -0.000324403 0.00269236 -0.00169303 -0.000618546
internal_weight=600 320 135 185 280 170
internal_count=600 320 135 185 280 170
cat_boundaries=0 1 2
cat_threshold=10 9
is_linear=0
shrinkage=0.05


Tree=17
num_leaves=7
num_cat=2
split_feature=3 0 3 0 3 3
split_gain=0.553095 0.259582 0.332026 0.130524 0.144125 0.130346
threshold=9307.0000000000018 0 6495.4500000000016 1 50119.900000000009 3732.150000000001
decision_type=2 1 2 1 2 2
left_child=1 5 -3 4 -2 -1
right_child=3 2 -4 -5 -6 -7
leaf_value=0.0070466858975123618 -7.9721038062850158e-05 0.0015663219810068216 -0.0035259396177899169 -0.0028698351528242518 -0.0045029368313927471 0.002275198488972798
leaf_weight=14.999999999999998 150 85 50 110 20 170
leaf_count=15 150 85 50 110 20 170
internal_value=4.7206e-06 0.0014227 -0.000309036 -0.00161512 -0.000588948 0.00256023
internal_weight=600 320 135 280 170 185
internal_count=600 320 135 280 170 185
cat_boundaries=0 1 2
cat_threshold=10 9
is_linear=0
shrinkage=0.05


Tree=18
num_leaves=7
num_cat=0
split_feature=3 3 3 3 3 3
split_gain=0.503603 0.119523 0.214037 0.0931372 0.15809 0.0947836
threshold=7237.4499999999998 6956.6000000000013 6495.4500000000016 10639.050000000003 21436.950000000004 7925.9000000000005
decision_type=2 2 2 2 2 2
left_child=1 2 -1 5 -5 -2
right_child=3 -3 -4 4 -6 -7
leaf_value=0.0020621042117764149 -0.0019822174952956054 0.0060497612197650602 -0.0032677280517028912 -0.0026126274546785125 3.8534022258737909e-06 0.00093922426675034816
leaf_weight=190 40 14.999999999999998 20 160 90 85
leaf_count=190 40 15 20 160 90 85
internal_value=2.08952e-06 0.00186742 0.00154142 -0.0011191 -0.00167443 -3.94945e-06
internal_weight=600 225 210 375 250 125
internal_count=600 225 210 375 250 125
is_linear=0
shrinkage=0.05


Tree=19
num_leaves=7
num_cat=2
split_feature=3 0 3 3 0 3
split_gain=0.457722 0.226704 0.281176 0.118132 0.115555 0.134358
threshold=9307.0000000000018 0 6530.2000000000016 3732.150000000001 1 50119.900000000009
decision_type=2 1 2 2 1 2
left_child=1 3 -3 -1 5 -2
right_child=4 2 -4 -5 -6 -7
leaf_value=0.0066197115753311667 -1.8403084142232278e-05 0.0012679595401725518 -0.0035288952473227098 0.0020805375882164356 -0.002649986514559955 -0.0042886949188652495
leaf_weight=14.999999999999998 150 90 45 170 110 20
leaf_count=15 150 90 45 170 110 20
internal_value=2.08423e-06 0.00129203 -0.00032154 0.00235555 -0.00147149 -0.000512936
internal_weight=600 320 135 185 280 170
internal_count=600 320 135 185 280 170
cat_boundaries=0 1 2
cat_threshold=10 9
is_linear=0
shrinkage=0.05


Tree=20
num_leaves=7
num_cat=1
split_feature=3 0 3 3 3 3
split_gain=0.415286 0.205091 0.254267 0.112508 0.279042 0.107626
threshold=9307.0000000000018 0 6530.2000000000016 26862.400000000005 30491.500000000004 3732.150000000001
decision_type=2 1 2 2 2 2
left_child=1 5 -3 -2 -5 -1
right_child=3 2 -4 4 -6 -7
leaf_value=0.0063094126788200812 -0.0020627430549285813 0.0012052582538492243 -0.003356286325066796 0.0060778581799240785 -0.0012314966969965944 0.0019771190734751381
leaf_weight=14.999999999999998 195 90 45 14.999999999999998 70 170
leaf_count=15 195 90 45 15 70 170
internal_value=-2.67685e-07 0.00122843 -0.000306237 -0.00140387 0.000114064 0.00223999
internal_weight=600 320 135 280 85 185
internal_count=600 320 135 280 85 185
cat_boundaries=0 1
cat_threshold=10
is_linear=0
shrinkage=0.05


Tree=21
num_leaves=6
num_cat=0
split_feature=3 3 3 3 3
split_gain=0.375668 0.107568 0.163229 0.082949 0.170329
threshold=7237.4499999999998 6956.6000000000013 6495.4500000000016 50119.900000000009 29843.900000000005
decision_type=2 2 2 2 2
left_child=1 2 -1 4 -2
right_child=3 -3 -4 -5 -6
leaf_value=0.0017581384098590035 -0.00127871347067412 0.0055759761307854205 -0.0028956654392892408 -0.0040258285611690509 0.0016249774109770654
leaf_weight=190 295 14.999999999999998 20 20 60
leaf_count=190 295 15 20 20 60
internal_value=4.87712e-07 0.00161155 0.0013033 -0.000967867 -0.000784763
internal_weight=600 225 210 375 355
internal_count=600 225 210 375 355
is_linear=0
shrinkage=0.05


Tree=22
num_leaves=7
num_cat=2
split_feature=3 0 3 0 3 3
split_gain=0.351448 0.181536 0.212962 0.0987957 0.125867 0.0964059
threshold=9307.0000000000018 0 6530.2000000000016 1 13272.150000000001 3732.150000000001
decision_type=2 1 2 1 2 2
left_child=1 5 -3 4 -2 -1
right_child=3 2 -4 -5 -6 -7
leaf_value=0.0059312459474313078 0.0024495152493698466 0.0010715018855190354 -0.003103211014050707 -0.0023776481528420094 -0.0010703978898228272 0.0018324214022038831
leaf_weight=14.999999999999998 30 90 45 110 140 170
leaf_count=15 30 90 45 110 140 170
internal_value=5.26462e-07 0.00113085 -0.00030987 -0.0012907 -0.000414316 0.00208288
internal_weight=600 320 135 280 170 185
internal_count=600 320 135 280 170 185
cat_boundaries=0 1 2
cat_threshold=10 9
is_linear=0
shrinkage=0.05


Tree=23
num_leaves=7
num_cat=1
split_feature=3 0 3 3 3 3
split_gain=0.318646 0.164228 0.192582 0.0947848 0.286601 0.0878251
threshold=9307.0000000000018 0 6530.2000000000016 29843.900000000005 31525.950000000001 3732.150000000001
decision_type=2 1 2 2 2 2
left_child=1 5 -3 -2 -5 -1
right_child=3 2 -4 4 -6 -7
leaf_value=0.0056532188163600956 -0.0018099736254337936 0.0010185154206707951 -0.0029514235050832529 0.006223512848373503 -0.0012357953279702502 0.0017413360920764658
leaf_weight=14.999999999999998 200 90 45 14.999999999999998 65 170
leaf_count=15 200 90 45 15 65 170
internal_value=-1.08418e-06 0.0010752 -0.000295072 -0.00123057 0.000222392 0.00198071
internal_weight=600 320 135 280 80 185
internal_count=600 320 135 280 80 185
cat_boundaries=0 1
cat_threshold=10
is_linear=0
shrinkage=0.05


Tree=24
num_leaves=7
num_cat=1
split_feature=3 0 3 3 3 3
split_gain=0.289965 0.210697 0.229149 0.111105 0.176353 0.0787254
threshold=10639.050000000003 0 6530.2000000000016 21436.950000000004 30491.500000000004 3732.150000000001
decision_type=2 1 2 2 2 2
left_child=1 5 -3 -2 -5 -1
right_child=3 2 -4 4 -6 -7
leaf_value=0.0053882242209510878 -0.0020845049895311459 0.00096814936124136805 -0.0030981699386237391 0.00413192744710527 -0.0010838844372339966 0.0017004604086265241
leaf_weight=14.999999999999998 160 90 55 20 70 190
leaf_count=15 160 90 55 20 70 190
internal_value=-3.11183e-07 0.000927646 -0.00054741 -0.00129797 0.000107854 0.00190278
internal_weight=600 350 145 250 90 205
internal_count=600 350 145 250 90 205
cat_boundaries=0 1
cat_threshold=10
is_linear=0
shrinkage=0.05


Tree=25
num_leaves=7
num_cat=1
split_feature=3 0 3 3 3 3
split_gain=0.26182 0.190536 0.20716 0.101685 0.248163 0.0717269
threshold=10639.050000000003 0 6530.2000000000016 29843.900000000005 31525.950000000001 3732.150000000001
decision_type=2 1 2 2 2 2
left_child=1 5 -3 -2 -5 -1
right_child=3 2 -4 4 -6 -7
leaf_value=0.0051356510928599166 -0.0019213039148871227 0.00092027383686329892 -0.00294602758325969 0.005819598588277586 -0.0011215687016815398 0.0016158825212663542
leaf_weight=14.999999999999998 170 90 55 14.999999999999998 65 190
leaf_count=15 170 90 55 15 65 190
internal_value=1.9705e-07 0.00088197 -0.000520722 -0.00123288 0.00023568 0.00180928
internal_weight=600 350 145 250 80 205
internal_count=600 350 145 250 80 205
cat_boundaries=0 1
cat_threshold=10
is_linear=0
shrinkage=0.05


Tree=26
num_leaves=7
num_cat=1
split_feature=3 0 3 3 3 3
split_gain=0.236321 0.172305 0.188144 0.0920831 0.225261 0.0653498
threshold=10639.050000000003 0 6495.4500000000016 29843.900000000005 31525.950000000001 3732.150000000001
decision_type=2 1 2 2 2 2
left_child=1 5 -3 -2 -5 -1
right_child=3 2 -4 4 -6 -7
leaf_value=0.0048949177376925949 -0.0018258004665118778 0.00098129350706924103 -0.0026502218474366811 0.0055468048434704547 -0.0010663399645691794 0.0015355114202461259
leaf_weight=14.999999999999998 170 85 60 14.999999999999998 65 190
leaf_count=15 170 85 60 15 65 190
internal_value=8.11371e-07 0.000838544 -0.000495335 -0.00117068 0.000226796 0.00172038
internal_weight=600 350 145 250 80 205
internal_count=600 350 145 250 80 205
cat_boundaries=0 1
cat_threshold=10
is_linear=0
shrinkage=0.05


Tree=27
num_leaves=7
num_cat=1
split_feature=3 0 3 3 3 3
split_gain=0.213313 0.155805 0.170488 0.083807 0.147118 0.0670714
threshold=10639.050000000003 0 6530.2000000000016 21436.950000000004 50119.900000000009 17017.250000000004
decision_type=2 1 2 2 2 2
left_child=1 -1 -3 5 -5 -2
right_child=3 2 -4 4 -6 -7
leaf_value=0.0016358464157006153 -0.0012840449491885442 0.0008362169710120984 -0.0026712117779035391 0.0011954139651030526 -0.0035685040965853705 -0.0038949210329108962
leaf_weight=205 130 90 55 70 20 30
leaf_count=205 130 90 55 70 20 30
internal_value=1.38781e-06 0.000797295 -0.000471103 -0.00111162 0.000109185 -0.00179474
internal_weight=600 350 145 250 90 160
internal_count=600 350 145 250 90 160
cat_boundaries=0 1
cat_threshold=10
is_linear=0
shrinkage=0.05


Tree=28
num_leaves=7
num_cat=2
split_feature=3 0 3 0 3 3
split_gain=0.193708 0.0970115 0.115762 0.0756266 0.118572 0.0843258
threshold=9307.0000000000018 0 6495.4500000000016 1 14212.800000000001 12328.250000000002
decision_type=2 1 2 1 2 2
left_child=1 -1 -3 4 -2 -5
right_child=3 2 -4 5 -6 -7
leaf_value=0.001536950379270319 0.0023274381153492465 0.00089147469762517785 -0.0021154149059393426 -0.00089849591163466839 -0.00089988146428368056 -0.0037152905988952385
leaf_weight=185 35 85 50 65 135 45
leaf_count=185 35 85 50 65 135 45
internal_value=2.0345e-06 0.000841193 -0.000213831 -0.000956584 -0.000213238 -0.00190251
internal_weight=600 320 135 280 170 110
internal_count=600 320 135 280 170 110
cat_boundaries=0 1 2
cat_threshold=10 9
is_linear=0
shrinkage=0.05


Tree=29
num_leaves=7
num_cat=2
split_feature=3 0 3 0 3 3
split_gain=0.175438 0.0880496 0.104665 0.0684593 0.10726 0.0762957
threshold=9307.0000000000018 0 6495.4500000000016 1 14212.800000000001 12328.250000000002
decision_type=2 1 2 1 2 2
left_child=1 -1 -3 4 -2 -5
right_child=3 2 -4 5 -6 -7
leaf_value=0.0014644157411696922 0.0022142987142110037 0.0008474192659568237 -0.0020117181104461791 -0.00085425180961575485 -0.00085521823202725509 -0.0035335644107797877
leaf_weight=185 35 85 50 65 135 45
leaf_count=185 35 85 50 65 135 45
internal_value=2.9724e-06 0.000801576 -0.000203559 -0.000909322 -0.000202182 -0.00180929
internal_weight=600 320 135 280 170 110
internal_count=600 320 135 280 170 110
cat_boundaries=0 1 2
cat_threshold=10 9
is_linear=0
shrinkage=0.05


Tree=30
num_leaves=6
num_cat=0
split_feature=3 3 3 3 3
split_gain=0.160083 0.0913584 0.0862499 0.0641322 0.119109
threshold=7237.4499999999998 6956.6000000000013 6241.2500000000009 50119.900000000009 29843.900000000005
decision_type=2 2 2 2 2
left_child=1 2 -1 4 -2
right_child=3 -3 -4 -5 -6
leaf_value=0.0012648109324927964 -0.00088150719541010565 0.0047022822967846883 -0.0012921654982719481 -0.0033149991514316449 0.0015457964937401112
leaf_weight=170 295 14.999999999999998 40 20 60
leaf_count=170 295 15 40 20 60
internal_value=3.8151e-06 0.00105549 0.000773952 -0.000628318 -0.000468069
internal_weight=600 225 210 375 355
internal_count=600 225 210 375 355
is_linear=0
shrinkage=0.05


Tree=31
num_leaves=7
num_cat=1
split_feature=3 0 3 3 3 3
split_gain=0.151064 0.104704 0.126419 0.0905402 0.0769944 0.072751
threshold=12002.200000000003 0 6841.9000000000015 13031.35 12328.250000000002 50119.900000000009
decision_type=2 1 2 2 2 2
left_child=1 -1 -3 4 -2 -5
right_child=3 2 -4 5 -6 -7
leaf_value=0.0012478700918686497 -0.00051079883168523123 0.00052440578889074074 -0.0026389261606432823 -8.248820385021758e-06 -0.0041457374528464349 -0.0031571419637960695
leaf_weight=230 25 100 45 145 35 20
leaf_count=230 25 100 45 145 35 20
internal_value=3.79276e-06 0.000617849 -0.000438626 -0.00101784 -0.00266438 -0.000406652
internal_weight=600 375 145 225 60 165
internal_count=600 375 145 225 60 165
cat_boundaries=0 1
cat_threshold=10
is_linear=0
shrinkage=0.05


Tree=32
num_leaves=7
num_cat=1
split_feature=3 0 3 3 3 3
split_gain=0.137487 0.109404 0.114331 0.0700242 0.192226 0.0585766
threshold=10639.050000000003 0 6841.9000000000015 29843.900000000005 31525.950000000001 3732.150000000001
decision_type=2 1 2 2 2 2
left_child=1 5 -3 -2 -5 -1
right_child=3 2 -4 4 -6 -7
leaf_value=0.0043303170416038482 -0.0014610355798385178 0.00049844508763577898 -0.0025098483331258531 0.0052409611205803232 -0.00086844364766765268 0.0011595755124023351
leaf_weight=14.999999999999998 170 100 45 14.999999999999998 65 190
leaf_count=15 170 100 45 15 65 190
internal_value=3.91837e-06 0.000642889 -0.000417372 -0.000889637 0.000327631 0.00134613
internal_weight=600 350 145 250 80 205
internal_count=600 350 145 250 80 205
cat_boundaries=0 1
cat_threshold=10
is_linear=0
shrinkage=0.05


Tree=33
num_leaves=7
num_cat=1
split_feature=3 0 3 3 3 3
split_gain=0.125441 0.0865931 0.103398 0.0788404 0.0711899 0.0697879
threshold=12002.200000000003 0 6841.9000000000015 13031.35 13602.300000000001 12328.250000000002
decision_type=2 1 2 2 2 2
left_child=1 -1 -3 5 -5 -2
right_child=3 2 -4 4 -6 -7
leaf_value=0.0011367168707666637 -0.00041599905189986419 0.00047376957332420324 -0.0023870840456093785 0.0023685541979613762 -0.00074606771381633286 -0.0038731858263620074
leaf_weight=230 25 100 45 20 145 35
leaf_count=230 25 100 45 20 145 35
internal_value=4.2541e-06 0.000563813 -0.000397148 -0.000926712 -0.000356544 -0.00246313
internal_weight=600 375 145 225 165 60
internal_count=600 375 145 225 165 60
cat_boundaries=0 1
cat_threshold=10
is_linear=0
shrinkage=0.05


Tree=34
num_leaves=7
num_cat=1
split_feature=3 3 0 3 3 3
split_gain=0.114078 0.0620192 0.0540243 0.0952077 0.0547431 0.0525431
threshold=9307.0000000000018 9175.1500000000033 0 13272.150000000001 12328.250000000002 7977.4500000000016
decision_type=2 2 1 2 2 2
left_child=1 5 3 -2 -4 -1
right_child=2 -3 4 -5 -6 -7
leaf_value=0.0007248095555357271 0.0023903984230973069 0.0036853949015494439 -0.0007198508658665092 -0.00067010407591179175 -0.0029892881183237164 -0.001310136127520107
leaf_weight=270 30 14.999999999999998 65 140 45 35
leaf_count=270 30 15 65 140 45 35
internal_value=4.70062e-06 0.000648675 -0.00073096 -0.00011261 -0.00152907 0.000487773
internal_weight=600 320 280 170 110 305
internal_count=600 320 280 170 110 305
cat_boundaries=0 1
cat_threshold=9
is_linear=0
shrinkage=0.05


Tree=35
num_leaves=7
num_cat=1
split_feature=3 0 3 3 3 3
split_gain=0.103087 0.0602074 0.0818642 0.0549969 0.0524544 0.174283
threshold=9307.0000000000018 0 2296.1500000000001 3732.150000000001 29843.900000000005 31525.950000000001
decision_type=2 1 2 2 2 2
left_child=1 3 -3 -1 -2 -6
right_child=4 2 -4 -5 5 -7
leaf_value=0.0040400744946964551 -0.0011259885602723345 0.0031391464639455081 -0.00066692887802155163 0.0009578914244043811 0.0050616741769772492 -0.00075594361961438239
leaf_weight=14.999999999999998 200 14.999999999999998 120 170 14.999999999999998 65
leaf_count=15 200 15 120 170 15 65
internal_value=4.55804e-06 0.000616725 -0.000208713 0.00116551 -0.000694766 0.000383883
internal_weight=600 320 135 185 280 80
internal_count=600 320 135 185 280 80
cat_boundaries=0 1
cat_threshold=10
is_linear=0
shrinkage=0.05


Tree=36
num_leaves=7
num_cat=1
split_feature=3 0 3 3 3 3
split_gain=0.095632 0.0744283 0.0916292 0.0700782 0.124304 0.055232
threshold=12002.200000000003 0 6530.2000000000016 21436.950000000004 30491.500000000004 17017.250000000004
decision_type=2 1 2 2 2 2
left_child=1 -1 -3 5 -5 -2
right_child=3 2 -4 4 -6 -7
leaf_value=0.0010256018259787653 -0.00096548591443350686 0.00056123117846564724 -0.002010335977865907 0.0036487169569313881 -0.00073072963767655485 -0.003384777194549961
leaf_weight=230 105 90 55 20 70 30
leaf_count=230 105 90 55 20 70 30
internal_value=5.21616e-06 0.000493785 -0.000394274 -0.000807648 0.000271882 -0.00152404
internal_weight=600 375 145 225 90 135
internal_count=600 375 145 225 90 135
cat_boundaries=0 1
cat_threshold=10
is_linear=0
shrinkage=0.05


Tree=37
num_leaves=7
num_cat=1
split_feature=3 0 3 3 3 3
split_gain=0.0865348 0.0674487 0.083378 0.0661677 0.0642471 0.0593787
threshold=12002.200000000003 0 6495.4500000000016 13031.35 13602.300000000001 12328.250000000002
decision_type=2 1 2 2 2 2
left_child=1 -1 -3 5 -5 -2
right_child=3 2 -4 4 -6 -7
leaf_value=0.00097666233066103273 -0.00029074548600384825 0.00060528665755639867 -0.0018124353848626745 0.0023420098780964813 -0.00061634357981559223 -0.0034752834043400879
leaf_weight=230 25 85 60 20 145 35
leaf_count=230 25 85 60 20 145 35
internal_value=5.6542e-06 0.000470403 -0.000375025 -0.000767582 -0.000245807 -0.00217491
internal_weight=600 375 145 225 165 60
internal_count=600 375 145 225 165 60
cat_boundaries=0 1
cat_threshold=10
is_linear=0
shrinkage=0.05


Tree=38
num_leaves=6
num_cat=0
split_feature=3 3 3 3 3
split_gain=0.0799671 0.137369 0.0840742 0.0567521 0.0850288
threshold=7273.1500000000005 7079.6500000000005 6241.2500000000009 7685.3000000000011 7977.4500000000016
decision_type=2 2 2 2 2
left_child=1 2 -1 -2 -5
right_child=3 -3 -4 4 -6
leaf_value=0.00091052278064460927 -0.0029741544941706316 0.0052069391589611774 -0.0014983856534261418 0.0027903307977664685 -0.00049130316301039003
leaf_weight=170 20 14.999999999999998 45 20 330
leaf_count=170 20 15 45 20 330
internal_value=5.99507e-06 0.000736297 0.00040173 -0.000448738 -0.000296366
internal_weight=600 230 215 370 350
internal_count=600 230 215 370 350
is_linear=0
shrinkage=0.05


Tree=39
num_leaves=7
num_cat=1
split_feature=3 0 3 3 3 3
split_gain=0.073906 0.0720612 0.0781052 0.0552814 0.150243 0.0485602
threshold=10639.050000000003 0 2296.1500000000001 29843.900000000005 31525.950000000001 9224.5000000000018
decision_type=2 1 2 2 2 2
left_child=1 5 -3 -2 -5 -1
right_child=3 2 -4 4 -6 -7
leaf_value=0.00076890484774180964 -0.0011570024117299803 0.0028946377155079973 -0.00080753170604327029 0.0047737245378812083 -0.00062819296127241677 0.0029256087157034107
leaf_weight=175 170 14.999999999999998 130 14.999999999999998 65 30
leaf_count=175 170 15 130 15 65 30
internal_value=6.02349e-06 0.000474498 -0.000381234 -0.000649118 0.000431097 0.00104639
internal_weight=600 350 145 250 80 205
internal_count=600 350 145 250 80 205
cat_boundaries=0 1
cat_threshold=10
is_linear=0
shrinkage=0.05


Tree=40
num_leaves=6
num_cat=0
split_feature=3 3 3 3 3
split_gain=0.0695891 0.124952 0.0752158 0.0538297 0.120803
threshold=7273.1500000000005 7079.6500000000005 6241.2500000000009 7813.4000000000015 7977.4500000000016
decision_type=2 2 2 2 2
left_child=1 2 -1 -2 -5
right_child=3 -3 -4 4 -6
leaf_value=0.0008499854084146254 -0.0026121679433764749 0.0049514532845932992 -0.0014284341727666882 0.0039927758742123844 -0.00045605203972283887
leaf_weight=170 25 14.999999999999998 45 14.999999999999998 330
leaf_count=170 25 15 45 15 330
internal_value=6.45193e-06 0.000687718 0.000368702 -0.00041775 -0.000251644
internal_weight=600 230 215 370 345
internal_count=600 230 215 370 345
is_linear=0
shrinkage=0.05


Tree=41
num_leaves=5
num_cat=0
split_feature=3 3 3 3
split_gain=0.0648386 0.0541435 0.12552 0.0809952
threshold=50119.900000000009 29843.900000000005 12328.250000000002 31525.950000000001
decision_type=2 2 2 2
left_child=1 2 -1 -3
right_child=-2 3 -4 -5
leaf_value=0.00036602900443703725 -0.00272284099566085 0.0045713333936873825 -0.0014713506857010207 0.00041831998969428242
leaf_weight=400 20 14.999999999999998 120 45
leaf_count=400 20 15 120 45
internal_value=6.57003e-06 0.000105212 -5.99919e-05 0.00151449
internal_weight=600 580 520 60
internal_count=600 580 520 60
is_linear=0
shrinkage=0.05


Tree=42
num_leaves=6
num_cat=0
split_feature=3 3 3 3 3
split_gain=0.0604791 0.0689419 0.0515013 0.0434663 0.0843112
threshold=7237.4499999999998 6956.6000000000013 6241.2500000000009 50119.900000000009 29843.900000000005
decision_type=2 2 2 2 2
left_child=1 2 -1 4 -2
right_child=3 -3 -4 -5 -6
leaf_value=0.00078954013055653393 -0.00059888186670414639 0.0038180793286301199 -0.0011848750387931743 -0.0025931819114789721 0.0014428579988965736
leaf_weight=170 295 14.999999999999998 40 20 60
leaf_count=170 295 15 40 20 60
internal_value=6.33817e-06 0.000652747 0.000409628 -0.000382211 -0.000250715
internal_weight=600 225 210 375 355
internal_count=600 225 210 375 355
is_linear=0
shrinkage=0.05


Tree=43
num_leaves=7
num_cat=1
split_feature=3 0 3 3 3 3
split_gain=0.0551092 0.0597301 0.0720293 0.0556678 0.0630309 0.0507381
threshold=12002.200000000003 0 6841.9000000000015 13031.35 13602.300000000001 12328.250000000002
decision_type=2 1 2 2 2 2
left_child=1 -1 -3 5 -5 -2
right_child=3 2 -4 4 -6 -7
leaf_value=0.00085517450914953947 -0.00016440149539938341 0.00030971644123518232 -0.0020785133625157988 0.0024292756093754657 -0.00050056005859179813 -0.003103414606408074
leaf_weight=230 25 100 45 20 145 35
leaf_count=230 25 100 45 20 145 35
internal_value=6.16049e-06 0.000377039 -0.000412373 -0.000610904 -0.000132934 -0.0019016
internal_weight=600 375 145 225 165 60
internal_count=600 375 145 225 165 60
cat_boundaries=0 1
cat_threshold=10
is_linear=0
shrinkage=0.05


Tree=44
num_leaves=4
num_cat=0
split_feature=3 5 6
split_gain=0.0523384 0.0497359 0.044255
threshold=50119.900000000009 0.75000001750144973 0.55000090951395275
decision_type=2 2 2
left_child=1 2 -1
right_child=-2 -3 -4
leaf_value=-9.2555681161439994e-05 -0.0024458607825051464 0.0020775877404958011 0.0024986811776590702
leaf_weight=535 20 29 15.999999999999998
leaf_count=535 20 29 16
internal_value=6.37652e-06 9.50006e-05 -1.29208e-05
internal_weight=600 580 551
internal_count=600 580 551
is_linear=0
shrinkage=0.05


Tree=45
num_leaves=6
num_cat=0
split_feature=3 3 3 3 3
split_gain=0.0504689 0.178547 0.159023 0.0581139 0.0454067
threshold=3732.150000000001 3339.0500000000006 2328.9500000000003 4083.3000000000006 6241.2500000000009
decision_type=2 2 2 2 2
left_child=1 2 -1 -2 -5
right_child=3 -3 -4 4 -6
leaf_value=0.0019521570348713015 -0.0031160033540800214 0.004511319040410364 -0.0046715064207091929 0.00092658306651477093 -0.00027586738216021396
leaf_weight=20 14.999999999999998 25 14.999999999999998 95 430
leaf_count=20 15 25 15 95 430
internal_value=6.22724e-06 0.0013696 -0.000937467 -0.00014751 -5.69332e-05
internal_weight=600 60 35 540 525
internal_count=600 60 35 540 525
is_linear=0
shrinkage=0.05


Tree=46
num_leaves=5
num_cat=0
split_feature=3 3 3 3
split_gain=0.0469314 0.0482309 0.0837753 0.00654094
threshold=50119.900000000009 33498.550000000003 30491.500000000004 45004.000000000007
decision_type=2 2 2 2
left_child=1 2 -1 -3
right_child=-2 3 -4 -5
leaf_value=8.0207866235785697e-05 -0.0023162547232849257 0.0011746257743132967 -0.0035918975714594129 0.0026484975329367447
leaf_weight=530 20 20 14.999999999999998 14.999999999999998
leaf_count=530 20 20 15 15
internal_value=5.85985e-06 8.97816e-05 -2.72527e-05 0.00186231
internal_weight=600 580 545 35
internal_count=600 580 545 35
is_linear=0
shrinkage=0.05


Tree=47
num_leaves=7
num_cat=1
split_feature=3 3 0 3 3 3
split_gain=0.0456311 0.063318 0.0442616 0.0807937 0.0401142 0.0334297
threshold=9307.0000000000018 9175.1500000000033 0 13272.150000000001 7977.4500000000016 12328.250000000002
decision_type=2 2 1 2 2 2
left_child=1 4 3 -2 -1 -4
right_child=2 -3 5 -5 -6 -7
leaf_value=0.00045854683408712987 0.0023913246909937555 0.0034792843216564506 -0.00054867446233402011 -0.00042796381196033556 -0.001318455589191419 -0.0023217510317487685
leaf_weight=270 30 14.999999999999998 65 140 35 45
leaf_count=270 30 15 65 140 35 45
internal_value=5.40008e-06 0.00041268 -0.000459875 7.61777e-05 0.000250986 -0.00118193
internal_weight=600 320 280 170 305 110
internal_count=600 320 280 170 305 110
cat_boundaries=0 1
cat_threshold=9
is_linear=0
shrinkage=0.05


Tree=48
num_leaves=6
num_cat=0
split_feature=3 3 3 3 3
split_gain=0.0438492 0.161961 0.14436 0.053837 0.0398704
threshold=3732.150000000001 3339.0500000000006 2328.9500000000003 4083.3000000000006 50119.900000000009
decision_type=2 2 2 2 2
left_child=1 2 -1 -2 -5
right_child=3 -3 -4 4 -6
leaf_value=0.0018335421902260611 -0.0029951948556117716 0.0042685270199749187 -0.0044777837814763194 3.7840864708931957e-05 -0.0021855777040833517
leaf_weight=20 14.999999999999998 25 14.999999999999998 505 20
leaf_count=20 15 25 15 505 20
internal_value=5.27251e-06 0.00127609 -0.00092056 -0.000138027 -5.08549e-05
internal_weight=600 60 35 540 525
internal_count=600 60 35 540 525
is_linear=0
shrinkage=0.05


Tree=49
num_leaves=7
num_cat=1
split_feature=3 3 0 3 3 3
split_gain=0.0400203 0.0577363 0.0409592 0.0724951 0.0360594 0.0348469
threshold=9307.0000000000018 9175.1500000000033 0 15120.400000000003 7977.4500000000016 13410.150000000001
decision_type=2 2 1 2 2 2
left_child=1 4 3 -2 -1 -4
right_child=2 -3 5 -5 -6 -7
leaf_value=0.00042856971594089181 0.00192268654326454 0.0033144190267194065 -0.0015793220346949966 -0.00048649960827572942 -0.0012562034332101273 0.00096255377720808619
leaf_weight=270 40 14.999999999999998 95 130 35 14.999999999999998
leaf_count=270 40 15 95 130 35 15
internal_value=4.71617e-06 0.000386136 -0.000431015 8.34182e-05 0.000231762 -0.00112574
internal_weight=600 320 280 170 305 110
internal_count=600 320 280 170 305 110
cat_boundaries=0 1
cat_threshold=9
is_linear=0
shrinkage=0.05


Tree=50
num_leaves=7
num_cat=1
split_feature=3 3 3 0 3 3
split_gain=0.0384129 0.127099 0.131055 0.043644 0.110756 0.0596785
threshold=3902.8500000000008 3339.0500000000006 2328.9500000000003 0 13272.150000000001 12328.250000000002
decision_type=2 2 2 1 2 2
left_child=1 2 -1 4 -2 -5
right_child=3 -3 -4 5 -6 -7
leaf_value=0.0017258225773860302 0.0020451056238093321 0.003477428432163452 -0.004287976937484928 -0.00022981147852716338 -0.0003772178473667711 -0.0021742322132922709
leaf_weight=20 70 30 14.999999999999998 280 140 45
leaf_count=20 70 30 15 280 140 45
internal_value=4.75541e-06 0.00114295 -0.000899038 -0.000135405 0.000416356 -0.000489856
internal_weight=600 65 35 535 210 325
internal_count=600 65 35 535 210 325
cat_boundaries=0 1
cat_threshold=9
is_linear=0
shrinkage=0.05


Tree=51
num_leaves=4
num_cat=0
split_feature=6 6 3
split_gain=0.0369939 0.0404305 0.0380011
threshold=0.55000090951395275 0.55000000433154328 6241.2500000000009
decision_type=2 2 2
left_child=1 2 -1
right_child=-2 -3 -4
leaf_value=0.00066871493615558593 0.0023037967546021237 -0.0020295984651893377 -0.00023734601379960383
leaf_weight=162 15.999999999999998 24 398
leaf_count=162 16 24 398
internal_value=4.53254e-06 -6.22914e-05 2.54893e-05
internal_weight=600 584 560
internal_count=600 584 560
is_linear=0
shrinkage=0.05


Tree=52
num_leaves=5
num_cat=0
split_feature=3 3 3 3
split_gain=0.035988 0.0519499 0.0842931 0.0767219
threshold=50119.900000000009 29843.900000000005 17017.250000000004 31525.950000000001
decision_type=2 2 2 2
left_child=1 2 -1 -3
right_child=-2 3 -4 -5
leaf_value=0.00010174453515547817 -0.0020290708435433255 0.0044333230922347869 -0.0022600609087953119 0.00039182255277410151
leaf_weight=480 20 14.999999999999998 40 45
leaf_count=480 20 15 40 45
internal_value=4.36463e-06 7.78548e-05 -8.3922e-05 0.00145831
internal_weight=600 580 520 60
internal_count=600 580 520 60
is_linear=0
shrinkage=0.05


Tree=53
num_leaves=4
num_cat=0
split_feature=3 3 3
split_gain=0.034491 0.138985 0.144926
threshold=2296.1500000000001 3088.6000000000004 3732.150000000001
decision_type=2 2 2
left_child=-1 -2 -3
right_child=1 2 -4
leaf_value=0.0022946055456486646 -0.0046544016222469509 0.0033952244159374985 -0.00012009490473433448
leaf_weight=14.999999999999998 14.999999999999998 30 540
leaf_count=15 15 30 540
internal_value=4.19946e-06 -5.83444e-05 7.0544e-05
internal_weight=600 585 570
internal_count=600 585 570
is_linear=0
shrinkage=0.05


Tree=54
num_leaves=4
num_cat=0
split_feature=6 6 3
split_gain=0.0335243 0.0358631 0.0331744
threshold=0.55000090951395275 0.55000000433154328 50119.900000000009
decision_type=2 2 2
left_child=1 2 -1
right_child=-2 -3 -4
leaf_value=9.8773201880955039e-05 0.0021928535966093047 -0.0019124024100601674 -0.0019267296569263897
leaf_weight=540 15.999999999999998 24 20
leaf_count=540 16 24 20
internal_value=4.06561e-06 -5.95471e-05 2.31283e-05
internal_weight=600 584 560
internal_count=600 584 560
is_linear=0
shrinkage=0.05


Tree=55
num_leaves=4
num_cat=0
split_feature=3 3 3
split_gain=0.0312082 0.126519 0.130558
threshold=2296.1500000000001 3088.6000000000004 3732.150000000001
decision_type=2 2 2
left_child=-1 -2 -3
right_child=1 2 -4
leaf_value=0.0021824159372044959 -0.0044408565649064263 0.0032227825571504993 -0.00011372885760608475
leaf_weight=14.999999999999998 14.999999999999998 30 540
leaf_count=15 15 30 540
internal_value=3.73361e-06 -5.5759e-05 6.72136e-05
internal_weight=600 585 570
internal_count=600 585 570
is_linear=0
shrinkage=0.05


Tree=56
num_leaves=4
num_cat=0
split_feature=6 6 3
split_gain=0.0303207 0.0322951 0.0302308
threshold=0.55000090951395275 0.55000000433154328 6241.2500000000009
decision_type=2 2 2
left_child=1 2 -1
right_child=-2 -3 -4
leaf_value=0.00059528532080877969 0.0020851992454160666 -0.0018151481449604036 -0.00021284953335108691
leaf_weight=162 15.999999999999998 24 398
leaf_count=162 16 24 398
internal_value=3.61768e-06 -5.68789e-05 2.15767e-05
internal_weight=600 584 560
internal_count=600 584 560
is_linear=0
shrinkage=0.05


Tree=57
num_leaves=5
num_cat=0
split_feature=3 3 3 3
split_gain=0.0289223 0.0487366 0.0735886 0.0696829
threshold=50119.900000000009 29843.900000000005 17017.250000000004 31525.950000000001
decision_type=2 2 2 2
left_child=1 2 -1 -3
right_child=-2 3 -4 -5
leaf_value=8.6186116159164594e-05 -0.0018194292444691418 0.0042418187367729843 -0.0021205728532882723 0.00038967420569742503
leaf_weight=480 20 14.999999999999998 40 45
leaf_count=480 20 15 40 45
internal_value=3.49107e-06 6.93737e-05 -8.7309e-05 0.00140646
internal_weight=600 580 520 60
internal_count=600 580 520 60
is_linear=0
shrinkage=0.05


Tree=58
num_leaves=4
num_cat=0
split_feature=6 3 3
split_gain=0.0276036 0.029082 0.113482
threshold=0.55000090951395275 2296.1500000000001 3088.6000000000004
decision_type=2 2 2
left_child=1 -1 -3
right_child=-2 2 -4
leaf_value=0.0020481712199398316 0.0019895068424589497 -0.0042646354195312597 6.6196694676470652e-06
leaf_weight=14.999999999999998 15.999999999999998 14.999999999999998 554
leaf_count=15 16 15 554
internal_value=3.38121e-06 -5.4341e-05 -0.000113264
internal_weight=600 584 569
internal_count=600 584 569
is_linear=0
shrinkage=0.05


Tree=59
num_leaves=7
num_cat=1
split_feature=0 3 3 3 3 3
split_gain=0.026588 0.092402 0.0660378 0.0888735 0.0588409 0.0292026
threshold=0 13272.150000000001 12328.250000000002 13410.150000000001 21436.950000000004 3902.8500000000008
decision_type=1 2 2 2 2 2
left_child=1 -1 5 -4 -3 -2
right_child=2 4 3 -5 -6 -7
leaf_value=0.0019339761795544943 0.00093804452891080563 -0.001636782951433869 -0.0035582472630325823 0.0010714508331147955 0.00048529811313498646 -0.00023070284547831112
leaf_weight=70 65 50 30 14.999999999999998 90 280
leaf_count=70 65 50 30 15 90 280
internal_value=3.19383e-06 0.000443432 -0.000239599 -0.00202527 -0.000278821 -8.42937e-06
internal_weight=600 210 390 45 140 345
internal_count=600 210 390 45 140 345
cat_boundaries=0 1
cat_threshold=9
is_linear=0
shrinkage=0.05


Tree=60
num_leaves=5
num_cat=0
split_feature=3 3 3 3
split_gain=0.0269346 0.0462347 0.0794936 0.00590916
threshold=50119.900000000009 33498.550000000003 30491.500000000004 45004.000000000007
decision_type=2 2 2 2
left_child=1 2 -1 -3
right_child=-2 3 -4 -5
leaf_value=5.6700068431697696e-05 -0.0017562145411613443 0.0011456279236535054 -0.003520349823520519 0.0025508650229312483
leaf_weight=530 20 20 14.999999999999998 14.999999999999998
leaf_count=530 20 20 15 15
internal_value=2.95118e-06 6.65304e-05 -4.80181e-05 0.001802
internal_weight=600 580 545 35
internal_count=600 580 545 35
is_linear=0
shrinkage=0.05


Tree=61
num_leaves=5
num_cat=0
split_feature=5 3 3 7
split_gain=0.0256163 0.0361622 0.107457 0.000723825
threshold=0.75000001750144973 3088.6000000000004 3732.150000000001 0.14999931068560066
decision_type=2 2 2 2
left_child=1 -1 -3 -2
right_child=3 2 -4 -5
leaf_value=-0.0018629572207660037 0.0010056494637147376 0.0029731680996362767 -0.00015511603460643543 0.0016443183340015821
leaf_weight=26 18 28 513 14.999999999999998
leaf_count=26 18 28 513 15
internal_value=2.67691e-06 -7.71261e-05 1.19783e-05 0.00133578
internal_weight=600 567 541 33
internal_count=600 567 541 33
is_linear=0
shrinkage=0.05


Tree=62
num_leaves=4
num_cat=0
split_feature=3 3 3
split_gain=0.0253382 0.10434 0.101431
threshold=2296.1500000000001 3088.6000000000004 3732.150000000001
decision_type=2 2 2
left_child=-1 -2 -3
right_child=1 2 -4
leaf_value=0.001965967427531723 -0.0040329974376618338 0.0028422964217175071 -9.8576843423309234e-05
leaf_weight=14.999999999999998 14.999999999999998 30 540
leaf_count=15 15 30 540
internal_value=2.84299e-06 -5.07625e-05 6.09126e-05
internal_weight=600 585 570
internal_count=600 585 570
is_linear=0
shrinkage=0.05


Tree=63
num_leaves=7
num_cat=2
split_feature=0 3 3 3 3 0
split_gain=0.0251402 0.085295 0.0765504 0.0587014 0.0805455 0.0240523
threshold=0 15120.400000000003 21436.950000000004 12328.250000000002 13410.150000000001 1
decision_type=1 2 2 2 2 1
left_child=1 -1 -3 5 -5 -2
right_child=3 2 -4 4 -6 -7
leaf_value=0.0017251812129994327 0.00033341066396499488 -0.0021316658932624792 0.00047117818084898514 -0.0033765420826966878 0.0010304605821147561 -0.00048542162828827995
leaf_weight=80 200 40 90 30 14.999999999999998 145
leaf_count=80 200 40 90 30 15 145
internal_value=2.75712e-06 0.000430853 -0.000339856 -0.000233321 -0.00191707 -1.55379e-05
internal_weight=600 210 130 390 45 345
internal_count=600 210 130 390 45 345
cat_boundaries=0 1 2
cat_threshold=9 2
is_linear=0
shrinkage=0.05


Tree=64
num_leaves=5
num_cat=0
split_feature=3 3 3 3
split_gain=0.0252235 0.0405877 0.073413 0.00540254
threshold=50119.900000000009 33498.550000000003 30491.500000000004 45004.000000000007
decision_type=2 2 2 2
left_child=1 2 -1 -3
right_child=-2 3 -4 -5
leaf_value=5.711828251702539e-05 -0.0017000791528040454 0.00106510094175021 -0.003380401895265095 0.0024042289544013331
leaf_weight=530 20 20 14.999999999999998 14.999999999999998
leaf_count=530 20 20 15 15
internal_value=2.29035e-06 6.38178e-05 -4.35103e-05 0.00168986
internal_weight=600 580 545 35
internal_count=600 580 545 35
is_linear=0
shrinkage=0.05


Tree=65
num_leaves=4
num_cat=0
split_feature=6 6 3
split_gain=0.0237913 0.027126 0.0236691
threshold=0.55000090951395275 0.55000000433154328 6241.2500000000009
decision_type=2 2 2
left_child=1 2 -1
right_child=-2 -3 -4
leaf_value=0.00052800218866098144 0.0018459313549101354 -0.0016629652259871363 -0.00018707037136602898
leaf_weight=162 15.999999999999998 24 398
leaf_count=162 16 24 398
internal_value=2.04656e-06 -5.15399e-05 2.03624e-05
internal_weight=600 584 560
internal_count=600 584 560
is_linear=0
shrinkage=0.05


Tree=66
num_leaves=7
num_cat=1
split_feature=0 3 3 3 3 3
split_gain=0.0241069 0.075345 0.0697557 0.051793 0.0731647 0.024065
threshold=0 15120.400000000003 21436.950000000004 12328.250000000002 13410.150000000001 2296.1500000000001
decision_type=1 2 2 2 2 2
left_child=1 -1 -3 5 -5 -2
right_child=3 2 -4 4 -6 -7
leaf_value=0.0016384488593982418 0.0018691393284825609 -0.0020130231658496509 0.00047152436109372309 -0.0032021119965300448 0.00099747361091431243 -0.00011629846249144312
leaf_weight=80 14.999999999999998 40 90 30 14.999999999999998 330
leaf_count=80 15 40 90 30 15 330
internal_value=1.9878e-06 0.000421218 -0.000302483 -0.000229163 -0.001811 -2.48224e-05
internal_weight=600 210 130 390 45 345
internal_count=600 210 130 390 45 345
cat_boundaries=0 1
cat_threshold=9
is_linear=0
shrinkage=0.05


Tree=67
num_leaves=5
num_cat=0
split_feature=3 3 3 3
split_gain=0.0232532 0.0392693 0.0690949 0.0532129
threshold=50119.900000000009 29843.900000000005 31525.950000000001 17017.250000000004
decision_type=2 2 2 2
left_child=1 3 -3 -1
right_child=-2 2 -4 -5
leaf_value=6.7838097730333968e-05 -0.001632668428300392 0.0040837942622601988 0.00025194590713869294 -0.0018087099587385793
leaf_weight=480 20 14.999999999999998 45 40
leaf_count=480 20 15 45 40
internal_value=1.8589e-06 6.0935e-05 0.00126115 -7.97063e-05
internal_weight=600 580 60 520
internal_count=600 580 60 520
is_linear=0
shrinkage=0.05


Tree=68
num_leaves=7
num_cat=2
split_feature=0 3 3 3 3 0
split_gain=0.0224183 0.0670268 0.0472601 0.0465009 0.0418311 0.0287099
threshold=0 13272.150000000001 12002.200000000003 13410.150000000001 21436.950000000004 1
decision_type=1 2 2 2 2 1
left_child=1 -1 5 -4 -3 -2
right_child=2 4 3 -5 -6 -7
leaf_value=0.0016769156605989056 0.00043072195553601144 -0.0013529521334395909 -0.0021692654875782777 0.00094753714220132681 0.0004361995263025165 -0.00048359684561803131
leaf_weight=70 180 50 50 14.999999999999998 90 145
leaf_count=70 180 50 50 15 90 145
internal_value=1.84601e-06 0.000406129 -0.00022106 -0.00144654 -0.000207847 2.09411e-05
internal_weight=600 210 390 65 140 325
internal_count=600 210 390 65 140 325
cat_boundaries=0 1 2
cat_threshold=9 2
is_linear=0
shrinkage=0.05


Tree=69
num_leaves=5
num_cat=0
split_feature=5 3 3 7
split_gain=0.0221935 0.0313618 0.0864373 0.000465139
threshold=0.75000001750144973 3088.6000000000004 3732.150000000001 0.14999931068560066
decision_type=2 2 2 2
left_child=1 -1 -3 -2
right_child=3 2 -4 -5
leaf_value=-0.0017356918477970695 0.00095390941408511848 0.0026661988793358466 -0.00013949373010061283 0.0015075762890774059
leaf_weight=26 18 28 513 14.999999999999998
leaf_count=26 18 28 513 15
internal_value=1.6669e-06 -7.26121e-05 1.0369e-05 0.00124251
internal_weight=600 567 541 33
internal_count=600 567 541 33
is_linear=0
shrinkage=0.05


Tree=70
num_leaves=4
num_cat=0
split_feature=3 3 3
split_gain=0.0226313 0.0901678 0.0821514
threshold=2296.1500000000001 3088.6000000000004 3732.150000000001
decision_type=2 2 2
left_child=-1 -2 -3
right_child=1 2 -4
leaf_value=0.0018571576918475332 -0.0037507283865124922 0.0025581436457052346 -8.8523045262815041e-05
leaf_weight=14.999999999999998 14.999999999999998 30 540
leaf_count=15 15 30 540
internal_value=1.85417e-06 -4.88057e-05 5.50114e-05
internal_weight=600 585 570
internal_count=600 585 570
is_linear=0
shrinkage=0.05


Tree=71
num_leaves=4
num_cat=0
split_feature=3 3 3
split_gain=0.0217918 0.0349416 0.0321571
threshold=50119.900000000009 41732.750000000007 30491.500000000004
decision_type=2 2 2
left_child=1 2 -1
right_child=-2 -3 -4
leaf_value=5.9228997161519727e-05 -0.0015805221883402694 0.0018504901247349784 -0.001741728744057652
leaf_weight=530 20 25 25
leaf_count=530 20 25 25
internal_value=1.80936e-06 5.8999e-05 -2.48819e-05
internal_weight=600 580 555
internal_count=600 580 555
is_linear=0
shrinkage=0.05


Tree=72
num_leaves=7
num_cat=1
split_feature=0 3 3 3 3 3
split_gain=0.0212437 0.0618267 0.0547444 0.0433451 0.0614342 0.0216372
threshold=0 15120.400000000003 21436.950000000004 12328.250000000002 13410.150000000001 2296.1500000000001
decision_type=1 2 2 2 2 2
left_child=1 -1 -3 5 -5 -2
right_child=3 2 -4 4 -6 -7
leaf_value=0.0014984152201106082 0.0017673270776867867 -0.0017752506166466557 0.00042575120448748417 -0.0029373219642307487 0.00091103325539734217 -0.00011529928642685648
leaf_weight=80 14.999999999999998 40 90 30 14.999999999999998 330
leaf_count=80 15 40 90 30 15 330
internal_value=1.60139e-06 0.000395157 -0.000259862 -0.00021538 -0.00166262 -2.85747e-05
internal_weight=600 210 130 390 45 345
internal_count=600 210 130 390 45 345
cat_boundaries=0 1
cat_threshold=9
is_linear=0
shrinkage=0.05


Tree=73
num_leaves=4
num_cat=0
split_feature=6 6 3
split_gain=0.0203859 0.0219176 0.0207494
threshold=0.55000090951395275 0.55000000433154328 50119.900000000009
decision_type=2 2 2
left_child=1 2 -1
right_child=-2 -3 -4
leaf_value=7.6362716208005295e-05 0.0017083296305773891 -0.0014965833844617011 -0.0015255330540683298
leaf_weight=540 15.999999999999998 24 20
leaf_count=540 16 24 20
internal_value=1.50259e-06 -4.81001e-05 1.65348e-05
internal_weight=600 584 560
internal_count=600 584 560
is_linear=0
shrinkage=0.05


Tree=74
num_leaves=5
num_cat=0
split_feature=5 3 3 7
split_gain=0.019783 0.0279551 0.0706253 0.000643094
threshold=0.75000001750144973 3088.6000000000004 3732.150000000001 0.14999931068560066
decision_type=2 2 2 2
left_child=1 -1 -3 -2
right_child=3 2 -4 -5
leaf_value=-0.0016389638616668958 0.00087319432488201483 0.0024101958271314978 -0.00012592318606123977 0.0014553870612871835
leaf_weight=26 18 28 513 14.999999999999998
leaf_count=26 18 28 513 15
internal_value=1.3245e-06 -6.88043e-05 9.54089e-06 0.00117285
internal_weight=600 567 541 33
internal_count=600 567 541 33
is_linear=0
shrinkage=0.05


Tree=75
num_leaves=4
num_cat=0
split_feature=3 3 3
split_gain=0.0197385 0.0788172 0.0674322
threshold=2296.1500000000001 3088.6000000000004 3732.150000000001
decision_type=2 2 2
left_child=-1 -2 -3
right_child=1 2 -4
leaf_value=0.0017341790429782123 -0.0035068884113570679 0.0023190841281546222 -7.8786206437604493e-05
leaf_weight=14.999999999999998 14.999999999999998 30 540
leaf_count=15 15 30 540
internal_value=1.50569e-06 -4.58054e-05 5.12579e-05
internal_weight=600 585 570
internal_count=600 585 570
is_linear=0
shrinkage=0.05


Tree=76
num_leaves=7
num_cat=1
split_feature=0 3 3 3 3 4
split_gain=0.0200407 0.0554137 0.0492147 0.0382272 0.0564501 0.0209651
threshold=0 15120.400000000003 21436.950000000004 12328.250000000002 12928.950000000003 0.89999999619297422
decision_type=1 2 2 2 2 2
left_child=1 -1 -3 5 -5 -2
right_child=3 2 -4 4 -6 -7
leaf_value=0.0014286334569246887 -0.0004819261907887389 -0.0016728730379637878 0.00041396800026612281 -0.0031057448285327365 0.00040928535163402562 0.00030324150416576729
leaf_weight=80 148 40 90 25 20 197
leaf_count=80 148 40 90 25 20 197
internal_value=1.46929e-06 0.000383722 -0.000236005 -0.000209276 -0.00156857 -3.40034e-05
internal_weight=600 210 130 390 45 345
internal_count=600 210 130 390 45 345
cat_boundaries=0 1
cat_threshold=9
is_linear=0
shrinkage=0.05


Tree=77
num_leaves=5
num_cat=0
split_feature=3 3 3 3
split_gain=0.0190408 0.0311632 0.0642013 0.0387816
threshold=50119.900000000009 29843.900000000005 31525.950000000001 17017.250000000004
decision_type=2 2 2 2
left_child=1 3 -3 -1
right_child=-2 2 -4 -5
leaf_value=5.5305224547686407e-05 -0.0014779134376329325 0.0038443598168669268 0.00015311013463044379 -0.0015467028947058702
leaf_weight=480 20 14.999999999999998 45 40
leaf_count=480 20 15 45 40
internal_value=1.17077e-06 5.46296e-05 0.00112382 -7.06584e-05
internal_weight=600 580 60 520
internal_count=600 580 60 520
is_linear=0
shrinkage=0.05


Tree=78
num_leaves=7
num_cat=2
split_feature=0 3 3 3 3 0
split_gain=0.0186066 0.0492891 0.0415789 0.0346348 0.0516372 0.0204222
threshold=0 15120.400000000003 21436.950000000004 12328.250000000002 13410.150000000001 1
decision_type=1 2 2 2 2 1
left_child=3 -2 -3 5 -5 -1
right_child=1 2 -4 4 -6 -7
leaf_value=0.00028770572535684818 0.0013553525099134142 -0.0015353572429775363 0.00038276626399058112 -0.0026646542578800431 0.00086239806842058897 -0.00046696010441593948
leaf_weight=200 80 40 90 30 14.999999999999998 145
leaf_count=200 80 40 90 30 15 145
internal_value=1.19776e-06 0.000369528 -0.000214641 -0.00020186 -0.00149578 -3.50863e-05
internal_weight=600 210 130 390 45 345
internal_count=600 210 130 390 45 345
cat_boundaries=0 1 2
cat_threshold=6 2
is_linear=0
shrinkage=0.05


Tree=79
num_leaves=4
num_cat=0
split_feature=3 3 3
split_gain=0.018541 0.0811917 0.0730037
threshold=2328.9500000000003 3339.0500000000006 3732.150000000001
decision_type=2 2 2
left_child=-1 -2 -3
right_child=1 2 -4
leaf_value=0.0014603835580471371 -0.0035643182258354501 0.0026353907516190357 -7.6994121210055056e-05
leaf_weight=20 14.999999999999998 25 540
leaf_count=20 15 25 540
internal_value=8.40771e-07 -5.19152e-05 4.7467e-05
internal_weight=600 580 565
internal_count=600 580 565
is_linear=0
shrinkage=0.05


Tree=80
num_leaves=5
num_cat=0
split_feature=6 5 4 5
split_gain=0.0177839 0.0189462 0.0253487 0.000638127
threshold=0.55000090951395275 0.75000001750144973 0.89999999619297422 0.84999935580277164
decision_type=2 2 2 2
left_child=1 2 -1 -3
right_child=-2 3 -4 -5
leaf_value=-0.0004912173567621751 0.0015950214925824721 0.0013269324146676809 0.00018952140031138159 0.0007620974691235461
leaf_weight=247 15.999999999999998 18 304 14.999999999999998
leaf_count=247 16 18 304 15
internal_value=8.36545e-07 -4.54916e-05 -0.000115974 0.00110016
internal_weight=600 584 551 33
internal_count=600 584 551 33
is_linear=0
shrinkage=0.05


Tree=81
num_leaves=5
num_cat=0
split_feature=3 3 3 4
split_gain=0.0176993 0.0297569 0.0733972 0.00455958
threshold=50119.900000000009 33498.550000000003 30491.500000000004 0.60000000037247303
decision_type=2 2 2 2
left_child=1 2 -1 -3
right_child=-2 3 -4 -5
leaf_value=6.1332192579977113e-05 -0.0014249534628886199 0.00081943837974808728 -0.0033758127072360368 0.0020248354858874037
leaf_weight=530 20 18 14.999999999999998 17
leaf_count=530 20 18 15 17
internal_value=1.0761e-06 5.26175e-05 -3.92777e-05 0.0014449
internal_weight=600 580 545 35
internal_count=600 580 545 35
is_linear=0
shrinkage=0.05


Tree=82
num_leaves=7
num_cat=2
split_feature=0 3 3 3 3 0
split_gain=0.0178535 0.044486 0.0310876 0.0331839 0.0271066 0.0228045
threshold=0 13272.150000000001 12002.200000000003 13410.150000000001 21436.950000000004 1
decision_type=1 2 2 2 2 1
left_child=2 -2 5 -4 -3 -1
right_child=1 4 3 -5 -6 -7
leaf_value=0.00036427546636913347 0.0013983732868235192 -0.0010592090655300839 -0.0018031389260774152 0.00082871460472233593 0.0003809348601082872 -0.00045055279630245291
leaf_weight=180 70 50 50 14.999999999999998 90 145
leaf_count=180 70 50 50 15 90 145
internal_value=8.64625e-07 0.000361674 -0.000198031 -0.00119243 -0.000137267 -2.17676e-06
internal_weight=600 210 390 65 140 325
internal_count=600 210 390 65 140 325
cat_boundaries=0 1 2
cat_threshold=6 2
is_linear=0
shrinkage=0.05


Tree=83
num_leaves=4
num_cat=0
split_feature=3 3 3
split_gain=0.0171097 0.0661084 0.0567172
threshold=2296.1500000000001 3088.6000000000004 3732.150000000001
decision_type=2 2 2
left_child=-1 -2 -3
right_child=1 2 -4
leaf_value=0.0016138981861331559 -0.0032131087471498178 0.0021254286109920468 -7.369210726107891e-05
leaf_weight=14.999999999999998 14.999999999999998 30 540
leaf_count=15 15 30 540
internal_value=7.21278e-07 -4.33257e-05 4.55707e-05
internal_weight=600 585 570
internal_count=600 585 570
is_linear=0
shrinkage=0.05


Tree=84
num_leaves=4
num_cat=0
split_feature=3 3 3
split_gain=0.0165155 0.0700452 0.0604508
threshold=2328.9500000000003 3339.0500000000006 3732.150000000001
decision_type=2 2 2
left_child=-1 -2 -3
right_child=1 2 -4
leaf_value=0.0013782345784074139 -0.0033114707235654354 0.0023981842445209623 -7.0014297437346397e-05
leaf_weight=20 14.999999999999998 25 540
leaf_count=20 15 25 540
internal_value=7.22879e-07 -4.90679e-05 4.32421e-05
internal_weight=600 580 565
internal_count=600 580 565
is_linear=0
shrinkage=0.05


Tree=85
num_leaves=7
num_cat=1
split_feature=0 3 3 3 3 4
split_gain=0.0167861 0.0406723 0.035092 0.0283415 0.0445597 0.0177493
threshold=0 15120.400000000003 21436.950000000004 12328.250000000002 12928.950000000003 0.89999999619297422
decision_type=1 2 2 2 2 2
left_child=3 -2 -3 5 -5 -1
right_child=1 2 -4 4 -6 -7
leaf_value=-0.00045360053374569539 0.0012467783141475572 -0.0013928840425228928 0.00036920376520496436 -0.0027287224786750114 0.00039310448448218053 0.00026884946305977389
leaf_weight=148 80 40 90 25 20 197
leaf_count=148 80 40 90 25 20 197
internal_value=7.19574e-07 0.000350581 -0.000179471 -0.000192134 -0.00136286 -4.14864e-05
internal_weight=600 210 130 390 45 345
internal_count=600 210 130 390 45 345
cat_boundaries=0 1
cat_threshold=6
is_linear=0
shrinkage=0.05


Tree=86
num_leaves=4
num_cat=1
split_feature=3 5 0
split_gain=0.0167309 0.0270351 0.0238626
threshold=50119.900000000009 0.75000001750144973 0
decision_type=2 2 1
left_child=1 2 -1
right_child=-2 -3 -4
leaf_value=-0.00059273421156702316 -0.0013859761931512152 0.0015123242997409157 0.00015649831913530459
leaf_weight=130 20 29 421
leaf_count=130 20 29 421
internal_value=4.92477e-07 5.0605e-05 -2.8928e-05
internal_weight=600 580 551
internal_count=600 580 551
cat_boundaries=0 1
cat_threshold=4
is_linear=0
shrinkage=0.05


Tree=87
num_leaves=4
num_cat=0
split_feature=6 6 3
split_gain=0.0154773 0.0163616 0.0154974
threshold=0.55000090951395275 0.55000000433154328 50119.900000000009
decision_type=2 2 2
left_child=1 2 -1
right_child=-2 -3 -4
leaf_value=6.4416099298300391e-05 0.0014872888897490852 -0.0012946367580443621 -0.0013199774386954406
leaf_weight=540 15.999999999999998 24 20
leaf_count=540 16 24 20
internal_value=7.91609e-08 -4.3139e-05 1.27087e-05
internal_weight=600 584 560
internal_count=600 584 560
is_linear=0
shrinkage=0.05


Tree=88
num_leaves=4
num_cat=0
split_feature=3 3 3
split_gain=0.0151745 0.0627206 0.0547544
threshold=2328.9500000000003 3339.0500000000006 3732.150000000001
decision_type=2 2 2
left_child=-1 -2 -3
right_child=1 2 -4
leaf_value=0.0013203928723842615 -0.0031348575939773582 0.0022808576737029049 -6.8171493507761222e-05
leaf_weight=20 14.999999999999998 25 540
leaf_count=20 15 25 540
internal_value=-1.32274e-08 -4.77387e-05 3.9614e-05
internal_weight=600 580 565
internal_count=600 580 565
is_linear=0
shrinkage=0.05


Tree=89
num_leaves=7
num_cat=1
split_feature=0 3 3 3 3 4
split_gain=0.0154443 0.0357447 0.0256532 0.0404179 0.0229094 0.0164619
threshold=0 13272.150000000001 12328.250000000002 12928.950000000003 21436.950000000004 0.89999999619297422
decision_type=1 2 2 2 2 2
left_child=1 -1 5 -4 -3 -2
right_child=2 4 3 -5 -6 -7
leaf_value=0.0012654391066872182 -0.00043854869913072291 -0.00095879348741351254 -0.0025996501947072553 0.00037358347548260579 0.00036512717270742651 0.00025720952920653303
leaf_weight=70 148 50 25 20 90 197
leaf_count=70 148 50 25 20 90 197
internal_value=2.05657e-08 0.00033563 -0.000184942 -0.00129882 -0.000111148 -4.16655e-05
internal_weight=600 210 390 45 140 345
internal_count=600 210 390 45 140 345
cat_boundaries=0 1
cat_threshold=9
is_linear=0
shrinkage=0.05


Tree=90
num_leaves=6
num_cat=1
split_feature=5 0 3 3 7
split_gain=0.01432 0.0191247 0.0467947 0.0327103 0.00062021
threshold=0.75000001750144973 0 6530.2000000000016 10054.400000000001 0.14999931068560066
decision_type=2 1 2 2 2
left_child=1 2 -1 -3 -2
right_child=4 3 -4 -5 -6
leaf_value=0.00014370176423754959 0.00072212455009943561 0.00059623298959328712 -0.0017927653482640348 -0.00027439119812404372 0.0012602686241734774
leaf_weight=80 18 190 50 247 14.999999999999998
leaf_count=80 18 190 50 247 15
internal_value=-1.24861e-07 -5.97882e-05 -0.000565895 0.000102302 0.000996608
internal_weight=600 567 130 437 33
internal_count=600 567 130 437 33
cat_boundaries=0 1
cat_threshold=4
is_linear=0
shrinkage=0.05


Tree=91
num_leaves=4
num_cat=0
split_feature=3 3 3
split_gain=0.0140989 0.0247512 0.0329655
threshold=50119.900000000009 41732.750000000007 30491.500000000004
decision_type=2 2 2
left_child=1 2 -1
right_child=-2 -3 -4
leaf_value=6.0508647715899108e-05 -0.0012728116344771394 0.001553732162126555 -0.0017629470398577932
leaf_weight=530 20 25 25
leaf_count=530 20 25 25
internal_value=-6.41251e-08 4.59389e-05 -2.4652e-05
internal_weight=600 580 555
internal_count=600 580 555
is_linear=0
shrinkage=0.05


Tree=92
num_leaves=7
num_cat=1
split_feature=0 3 3 3 3 4
split_gain=0.0143475 0.031779 0.0300131 0.0226769 0.0371371 0.0152288
threshold=0 15120.400000000003 21436.950000000004 12328.250000000002 13410.150000000001 0.89999999619297422
decision_type=1 2 2 2 2 2
left_child=1 -1 -3 5 -5 -2
right_child=3 2 -4 4 -6 -7
leaf_value=0.0011160955535475003 -0.00042555905332016886 -0.0012669766108823442 0.00036254519811616495 -0.0022174470892716803 0.00077202638785820463 0.00024363504654511511
leaf_weight=80 148 40 90 30 14.999999999999998 197
leaf_count=80 148 40 90 30 15 197
internal_value=-1.79177e-07 0.0003233 -0.00014469 -0.000178446 -0.00122584 -4.38398e-05
internal_weight=600 210 130 390 45 345
internal_count=600 210 130 390 45 345
cat_boundaries=0 1
cat_threshold=9
is_linear=0
shrinkage=0.05


Tree=93
num_leaves=4
num_cat=0
split_feature=6 3 3
split_gain=0.0138014 0.0144684 0.0555449
threshold=0.55000090951395275 2328.9500000000003 3339.0500000000006
decision_type=2 2 2
left_child=1 -1 -3
right_child=-2 2 -4
leaf_value=0.0012476831807621889 0.0014040977817357464 -0.002992909893509932 -4.286433665335856e-06
leaf_weight=20 15.999999999999998 14.999999999999998 549
leaf_count=20 16 15 549
internal_value=-2.88e-07 -4.10987e-05 -8.89276e-05
internal_weight=600 584 564
internal_count=600 584 564
is_linear=0
shrinkage=0.05


Tree=94
num_leaves=5
num_cat=0
split_feature=3 3 3 3
split_gain=0.0131454 0.023438 0.0618343 0.0252056
threshold=50119.900000000009 29843.900000000005 31525.950000000001 17017.250000000004
decision_type=2 2 2 2
left_child=1 3 -3 -1
right_child=-2 2 -4 -5
leaf_value=3.7035077149007303e-05 -0.0012292615104732771 0.0036410887783858929 2.1646100946742558e-05 -0.0012544931333495031
leaf_weight=480 20 14.999999999999998 45 40
leaf_count=480 20 15 45 40
internal_value=-3.02324e-07 4.41184e-05 0.000971363 -6.45304e-05
internal_weight=600 580 60 520
internal_count=600 580 60 520
is_linear=0
shrinkage=0.05


Tree=95
num_leaves=7
num_cat=1
split_feature=0 3 3 3 3 4
split_gain=0.0131125 0.0281177 0.0252937 0.0208899 0.0283297 0.0162994
threshold=0 15120.400000000003 21436.950000000004 12002.200000000003 12248.500000000002 0.89999999772761885
decision_type=1 2 2 2 2 2
left_child=1 -1 -3 5 -5 -2
right_child=3 2 -4 4 -6 -7
leaf_value=0.0010550156603624792 -0.00040570288602511631 -0.0011612368285479934 0.00033468611648429064 -0.0028192235185997561 -0.00039149722650501069 0.00030487389406886538
leaf_weight=80 144 40 90 14.999999999999998 50 181
leaf_count=80 144 40 90 15 50 181
internal_value=-1.86039e-07 0.000309059 -0.000130949 -0.000170608 -0.000985969 -1.0245e-05
internal_weight=600 210 130 390 65 325
internal_count=600 210 130 390 65 325
cat_boundaries=0 1
cat_threshold=9
is_linear=0
shrinkage=0.05


Tree=96
num_leaves=5
num_cat=0
split_feature=5 3 3 5
split_gain=0.0129631 0.0181893 0.0432227 0.000917172
threshold=0.75000001750144973 3088.6000000000004 3648.4000000000001 0.84999935580277164
decision_type=2 2 2 2
left_child=1 -1 -3 -2
right_child=3 2 -4 -5
leaf_value=-0.0013237426247171783 0.0011968044784704322 0.0020365728233009577 -9.2012062623150046e-05 0.00059308238269295543
leaf_weight=26 18 24 517 14.999999999999998
leaf_count=26 18 24 517 15
internal_value=-4.33237e-07 -5.71989e-05 6.00013e-06 0.0009479
internal_weight=600 567 541 33
internal_count=600 567 541 33
is_linear=0
shrinkage=0.05


Tree=97
num_leaves=4
num_cat=0
split_feature=3 3 3
split_gain=0.0130919 0.0514635 0.0449016
threshold=2328.9500000000003 3339.0500000000006 3732.150000000001
decision_type=2 2 2
left_child=-1 -2 -3
right_child=1 2 -4
leaf_value=0.0012262451041135051 -0.0028409305756213147 0.0020641882796413624 -6.301660040681176e-05
leaf_weight=20 14.999999999999998 25 540
leaf_count=20 15 25 540
internal_value=-2.11028e-07 -4.45404e-05 3.45882e-05
internal_weight=600 580 565
internal_count=600 580 565
is_linear=0
shrinkage=0.05


Tree=98
num_leaves=5
num_cat=0
split_feature=6 5 4 5
split_gain=0.0126016 0.0127204 0.0168273 0.000786817
threshold=0.55000090951395275 0.75000001750144973 0.89999999619297422 0.84999935580277164
decision_type=2 2 2 2
left_child=1 2 -1 -3
right_child=-2 3 -4 -5
leaf_value=-0.00040264517526720155 0.0013417882762630196 0.0011312399476178382 0.0001519971043296105 0.00056823546765372157
leaf_weight=247 15.999999999999998 18 304 14.999999999999998
leaf_count=247 16 18 304 15
internal_value=-1.68319e-07 -3.91651e-05 -9.69146e-05 0.000899568
internal_weight=600 584 551 33
internal_count=600 584 551 33
is_linear=0
shrinkage=0.05


Tree=99
num_leaves=7
num_cat=2
split_feature=0 3 3 3 3 0
split_gain=0.0123111 0.0257769 0.0223691 0.0194534 0.0338855 0.012911
threshold=0 15120.400000000003 21436.950000000004 12328.250000000002 12928.950000000003 1
decision_type=1 2 2 2 2 1
left_child=3 -2 -3 5 -5 -1
right_child=1 2 -4 4 -6 -7
leaf_value=0.00021704747740026748 0.0010141156148165465 -0.0010903372298698964 0.0003164410312240432 -0.0023265168249893648 0.00039391730734634968 -0.00038315443189975877
leaf_weight=200 80 40 90 25 20 145
leaf_count=200 80 40 90 25 20 145
internal_value=7.22539e-08 0.000299709 -0.000121433 -0.000165068 -0.00113516 -4.03904e-05
internal_weight=600 210 130 390 45 345
internal_count=600 210 130 390 45 345
cat_boundaries=0 1 2
cat_threshold=6 2
is_linear=0
shrinkage=0.05


Tree=100
num_leaves=5
num_cat=0
split_feature=3 3 3 4
split_gain=0.0126183 0.0215073 0.0705002 0.00487463
threshold=50119.900000000009 33498.550000000003 30491.500000000004 0.60000000037247303
decision_type=2 2 2 2
left_child=1 2 -1 -3
right_child=-2 3 -4 -5
leaf_value=6.3771461056069188e-05 -0.0012042891494708048 0.00060257960944191415 -0.0033048564335331322 0.0018178554419945514
leaf_weight=530 20 18 14.999999999999998 17
leaf_count=530 20 18 15 17
internal_value=-2.24158e-07 4.32966e-05 -3.48261e-05 0.00122696
internal_weight=600 580 545 35
internal_count=600 580 545 35
is_linear=0
shrinkage=0.05


Tree=101
num_leaves=4
num_cat=0
split_feature=3 3 3
split_gain=0.0119854 0.0462087 0.0405127
threshold=2328.9500000000003 3339.0500000000006 3732.150000000001
decision_type=2 2 2
left_child=-1 -2 -3
right_child=1 2 -4
leaf_value=0.0011731000395403023 -0.0026925763289909811 0.0019600440694305761 -6.0525423135222242e-05
leaf_weight=20 14.999999999999998 25 540
leaf_count=20 15 25 540
internal_value=-3.81412e-07 -4.27957e-05 3.21853e-05
internal_weight=600 580 565
internal_count=600 580 565
is_linear=0
shrinkage=0.05


Tree=102
num_leaves=7
num_cat=1
split_feature=0 3 3 3 3 3
split_gain=0.0117854 0.02454 0.0732296 0.0599061 0.0174438 0.0311203
threshold=0 30491.500000000004 26862.400000000005 33498.550000000003 12328.250000000002 13410.150000000001
decision_type=1 2 2 2 2 2
left_child=1 2 -1 -3 -2 -6
right_child=4 3 -4 -5 5 -7
leaf_value=0.00027733391011318577 -4.3956532570024726e-05 -0.0031471041525946934 0.0038729042309569198 0.00032434951946405427 -0.0019887496225325573 0.00074631187890190638
leaf_weight=125 345 14.999999999999998 14.999999999999998 55 30 14.999999999999998
leaf_count=125 345 15 15 55 30 15
internal_value=-3.30718e-07 0.000292853 0.000687309 -0.000453382 -0.000161893 -0.00108066
internal_weight=600 210 140 70 390 45
internal_count=600 210 140 70 390 45
cat_boundaries=0 1
cat_threshold=9
is_linear=0
shrinkage=0.05


Tree=103
num_leaves=5
num_cat=0
split_feature=3 3 3 3
split_gain=0.0116953 0.0200666 0.0551449 0.0214761
threshold=50119.900000000009 29843.900000000005 31525.950000000001 18637.300000000007
decision_type=2 2 2 2
left_child=1 3 -3 -1
right_child=-2 2 -4 -5
leaf_value=6.8309834450211456e-06 -0.0011595050848665692 0.0034207357530249283 3.0673306394854317e-06 -0.0016253500267685878
leaf_weight=500 20 14.999999999999998 45 20
leaf_count=500 20 15 45 20
internal_value=-3.10758e-07 4.15884e-05 0.000899555 -5.89444e-05
internal_weight=600 580 60 520
internal_count=600 580 60 520
is_linear=0
shrinkage=0.05


Tree=104
num_leaves=7
num_cat=1
split_feature=0 3 3 3 3 3
split_gain=0.0111126 0.0477176 0.0422603 0.0333012 0.0268035 0.0738326
threshold=0 6841.9000000000015 7813.4000000000015 5120.1500000000005 5366.5500000000002 6241.2500000000009
decision_type=1 2 2 2 2 2
left_child=1 3 -3 -1 -2 -6
right_child=4 2 -4 -5 5 -7
leaf_value=-0.00031027848116967733 -0.00085130490870291347 -0.0038023582048481333 -0.00059505936280343562 0.0017633565468713642 0.0028503109924853422 9.3517061862446595e-05
leaf_weight=75 60 14.999999999999998 30 25 25 370
leaf_count=75 60 15 30 25 25 370
internal_value=-2.41513e-07 -0.000365503 -0.00172358 0.000220456 0.000122046 0.000274755
internal_weight=600 145 45 100 455 395
internal_count=600 145 45 100 455 395
cat_boundaries=0 1
cat_threshold=4
is_linear=0
shrinkage=0.05


Tree=105
num_leaves=4
num_cat=0
split_feature=3 3 3
split_gain=0.0111941 0.041422 0.0380529
threshold=2328.9500000000003 3339.0500000000006 3732.150000000001
decision_type=2 2 2
left_child=-1 -2 -3
right_child=1 2 -4
leaf_value=0.0011337811681663707 -0.0025500771851511674 0.0018981198439947688 -6.0147464082984327e-05
leaf_weight=20 14.999999999999998 25 540
leaf_count=20 15 25 540
internal_value=-3.0032e-07 -4.12907e-05 2.9702e-05
internal_weight=600 580 565
internal_count=600 580 565
is_linear=0
shrinkage=0.05


Tree=106
num_leaves=4
num_cat=0
split_feature=3 3 3
split_gain=0.0106394 0.0193927 0.0146164
threshold=50119.900000000009 45004.000000000007 30491.500000000004
decision_type=2 2 2
left_child=1 2 -1
right_child=-2 -3 -4
leaf_value=5.7233023110723647e-05 -0.0011058795676078825 0.0017562998342327775 -0.00098384507194471875
leaf_weight=530 20 14.999999999999998 35
leaf_count=530 20 15 35
internal_value=-2.50185e-07 3.97128e-05 -8.88284e-06
internal_weight=600 580 565
internal_count=600 580 565
is_linear=0
shrinkage=0.05


Tree=107
num_leaves=5
num_cat=0
split_feature=5 3 3 5
split_gain=0.0108201 0.0144934 0.0335494 0.000656005
threshold=0.75000001750144973 3088.6000000000004 3648.4000000000001 0.84999935580277164
decision_type=2 2 2 2
left_child=1 -1 -3 -2
right_child=3 2 -4 -5
leaf_value=-0.0011826944175279805 0.0010801331973389575 0.0017932740859687329 -8.2055551336937082e-05 0.00055790494079701605
leaf_weight=26 18 24 517 14.999999999999998
leaf_count=26 18 24 517 15
internal_value=-2.6067e-07 -5.21227e-05 4.2935e-06 0.000866147
internal_weight=600 567 541 33
internal_count=600 567 541 33
is_linear=0
shrinkage=0.05


Tree=108
num_leaves=4
num_cat=0
split_feature=3 3 3
split_gain=0.0107605 0.0373349 0.0317452
threshold=2328.9500000000003 3339.0500000000006 3732.150000000001
decision_type=2 2 2
left_child=-1 -2 -3
right_child=1 2 -4
leaf_value=0.0011118342523418721 -0.0024220572697231549 0.0017336944288287599 -5.4920798385676766e-05
leaf_weight=20 14.999999999999998 25 540
leaf_count=20 15 25 540
internal_value=-6.73774e-08 -4.02565e-05 2.71447e-05
internal_weight=600 580 565
internal_count=600 580 565
is_linear=0
shrinkage=0.05


Tree=109
num_leaves=7
num_cat=1
split_feature=0 3 3 3 3 4
split_gain=0.0107563 0.0217884 0.0156999 0.0284267 0.0148261 0.012061
threshold=0 13272.150000000001 12328.250000000002 12928.950000000003 29843.900000000005 0.89999999619297422
decision_type=1 2 2 2 2 2
left_child=1 -1 5 -4 -3 -2
right_child=2 4 3 -5 -6 -7
leaf_value=0.0010068215907972126 -0.00038221959866920876 -0.00065632928883252277 -0.0021173071167700421 0.00037390931642481258 0.00037583104668208113 0.00021332319131143969
leaf_weight=70 148 60 25 20 80 197
leaf_count=70 148 60 25 20 80 197
internal_value=-3.33721e-08 0.000280048 -0.000154391 -0.00102604 -6.80409e-05 -4.25223e-05
internal_weight=600 210 390 45 140 345
internal_count=600 210 390 45 140 345
cat_boundaries=0 1
cat_threshold=9
is_linear=0
shrinkage=0.05


Tree=110
num_leaves=4
num_cat=0
split_feature=6 6 4
split_gain=0.010568 0.0112143 0.0121438
threshold=0.55000090951395275 0.55000000433154328 0.25000000008078921
decision_type=2 2 2
left_child=1 2 -1
right_child=-2 -3 -4
leaf_value=0.00053570899984586742 0.0012287819484139192 -0.0010719443196285283 -9.2455876227641641e-05
leaf_weight=91 15.999999999999998 24 469
leaf_count=91 16 24 469
internal_value=-1.30364e-07 -3.58421e-05 1.03939e-05
internal_weight=600 584 560
internal_count=600 584 560
is_linear=0
shrinkage=0.05


Tree=111
num_leaves=5
num_cat=0
split_feature=3 3 3 4
split_gain=0.0101129 0.0180194 0.0593611 0.00476311
threshold=50119.900000000009 33498.550000000003 30491.500000000004 0.60000000037247303
decision_type=2 2 2 2
left_child=1 2 -1 -3
right_child=-2 3 -4 -5
leaf_value=5.785550280692707e-05 -0.0010779976634131302 0.00051210109438551107 -0.0030332150578033183 0.0017040987240357535
leaf_weight=530 20 18 14.999999999999998 17
leaf_count=530 20 18 15 17
internal_value=-7.39135e-08 3.88873e-05 -3.26194e-05 0.00112232
internal_weight=600 580 545 35
internal_count=600 580 545 35
is_linear=0
shrinkage=0.05


Tree=112
num_leaves=7
num_cat=1
split_feature=0 3 3 3 3 3
split_gain=0.0100378 0.0445635 0.0628654 0.0400397 0.027433 0.0653316
threshold=0 4867.8000000000002 5120.1500000000005 3088.6000000000004 5366.5500000000002 6241.2500000000009
decision_type=1 2 2 2 2 2
left_child=1 3 -3 -1 -2 -6
right_child=4 2 -4 -5 5 -7
leaf_value=-0.00061845787079824557 -0.00086884846811595027 -0.0039317033733823337 -0.00044913706402491098 0.0019283328231634392 0.0026931081923136776 9.9824090753248935e-05
leaf_weight=30 60 14.999999999999998 70 30 25 370
leaf_count=30 60 15 70 30 25 370
internal_value=-2.23075e-07 -0.000347371 -0.00110228 0.000665674 0.000116 0.000270342
internal_weight=600 145 85 60 455 395
internal_count=600 145 85 60 455 395
cat_boundaries=0 1
cat_threshold=4
is_linear=0
shrinkage=0.05


Tree=113
num_leaves=4
num_cat=0
split_feature=3 3 3
split_gain=0.0103483 0.0366451 0.0282789
threshold=2296.1500000000001 3088.6000000000004 3732.150000000001
decision_type=2 2 2
left_child=-1 -2 -3
right_child=1 2 -4
leaf_value=0.0012542619515443221 -0.0023945436580106619 0.0015002431583613339 -5.2583614140365957e-05
leaf_weight=14.999999999999998 14.999999999999998 30 540
leaf_count=15 15 30 540
internal_value=-3.07329e-07 -3.45613e-05 3.16284e-05
internal_weight=600 585 570
internal_count=600 585 570
is_linear=0
shrinkage=0.05


Tree=114
num_leaves=4
num_cat=0
split_feature=3 3 3
split_gain=0.00997568 0.0326188 0.0258126
threshold=2328.9500000000003 3339.0500000000006 3732.150000000001
decision_type=2 2 2
left_child=-1 -2 -3
right_child=1 2 -4
leaf_value=0.0010703200385684059 -0.0022652517538517716 0.0015628916925589484 -4.9959273667586016e-05
leaf_weight=20 14.999999999999998 25 540
leaf_count=20 15 25 540
internal_value=-2.66373e-07 -3.89618e-05 2.4041e-05
internal_weight=600 580 565
internal_count=600 580 565
is_linear=0
shrinkage=0.05


Tree=115
num_leaves=7
num_cat=1
split_feature=0 3 3 3 3 3
split_gain=0.00947558 0.0201035 0.0638834 0.0506964 0.0141981 0.0261997
threshold=0 30491.500000000004 26862.400000000005 33498.550000000003 12328.250000000002 13410.150000000001
decision_type=1 2 2 2 2 2
left_child=1 2 -1 -3 -2 -6
right_child=4 3 -4 -5 5 -7
leaf_value=0.00023684658191909662 -3.8674660298298388e-05 -0.0028909056913107634 0.0035948468794231303 0.00030253296135924758 -0.0018073338577749148 0.00070156315923668448
leaf_weight=125 345 14.999999999999998 14.999999999999998 55 30 14.999999999999998
leaf_count=125 345 15 15 55 30 15
internal_value=-2.26618e-07 0.000262659 0.000619576 -0.000412854 -0.000145097 -0.000973964
internal_weight=600 210 140 70 390 45
internal_count=600 210 140 70 390 45
cat_boundaries=0 1
cat_threshold=9
is_linear=0
shrinkage=0.05


Tree=116
num_leaves=5
num_cat=0
split_feature=3 3 3 3
split_gain=0.00942713 0.0175919 0.0493724 0.0200329
threshold=50119.900000000009 29843.900000000005 31525.950000000001 18637.300000000007
decision_type=2 2 2 2
left_child=1 3 -3 -1
right_child=-2 2 -4 -5
leaf_value=6.8096151737986088e-06 -0.0010409413138404489 0.003226313246705104 -7.3082775444440221e-06 -0.001569576980546117
leaf_weight=500 20 14.999999999999998 45 20
leaf_count=500 20 15 45 20
internal_value=-2.07048e-07 3.74102e-05 0.000840735 -5.67169e-05
internal_weight=600 580 60 520
internal_count=600 580 60 520
is_linear=0
shrinkage=0.05


Tree=117
num_leaves=4
num_cat=0
split_feature=6 6 4
split_gain=0.00919452 0.00992943 0.0108382
threshold=0.55000090951395275 0.55000000433154328 0.25000000008078921
decision_type=2 2 2
left_child=1 2 -1
right_child=-2 -3 -4
leaf_value=0.00050632349891162928 0.0011461322798448452 -0.0010083988150581718 -8.7113814859433067e-05
leaf_weight=91 15.999999999999998 24 469
leaf_count=91 16 24 469
internal_value=-1.45512e-07 -3.34559e-05 1.00504e-05
internal_weight=600 584 560
internal_count=600 584 560
is_linear=0
shrinkage=0.05


Tree=118
num_leaves=4
num_cat=0
split_feature=3 3 3
split_gain=0.00904562 0.029534 0.0233839
threshold=2328.9500000000003 3339.0500000000006 3732.150000000001
decision_type=2 2 2
left_child=-1 -2 -3
right_child=1 2 -4
leaf_value=0.0010193662895333199 -0.0021553454280365258 0.0014876774874909853 -4.7423313368340381e-05
leaf_weight=20 14.999999999999998 25 540
leaf_count=20 15 25 540
internal_value=-9.19012e-08 -3.69396e-05 2.30099e-05
internal_weight=600 580 565
internal_count=600 580 565
is_linear=0
shrinkage=0.05


Tree=119
num_leaves=7
num_cat=1
split_feature=0 3 3 3 3 3
split_gain=0.00893192 0.0426523 0.0387259 0.0307038 0.0272781 0.0588064
threshold=0 6841.9000000000015 7813.4000000000015 5120.1500000000005 5366.5500000000002 6241.2500000000009
decision_type=1 2 2 2 2 2
left_child=1 3 -3 -1 -2 -6
right_child=4 2 -4 -5 5 -7
leaf_value=-0.00028227516482538226 -0.00087260746809302784 -0.0035998324950924144 -0.00053153268715006214 0.0017089361933848033 0.0025619552864764748 0.00010155354774310103
leaf_weight=75 60 14.999999999999998 30 25 25 370
leaf_count=75 60 15 30 25 25 370
internal_value=-6.1991e-08 -0.000327535 -0.00161032 0.000227519 0.000109567 0.000263352
internal_weight=600 145 45 100 455 395
internal_count=600 145 45 100 455 395
cat_boundaries=0 1
cat_threshold=4
is_linear=0
shrinkage=0.05


Tree=120
num_leaves=4
num_cat=1
split_feature=3 5 0
split_gain=0.00869592 0.0162071 0.012583
threshold=50119.900000000009 0.75000001750144973 0
decision_type=2 2 1
left_child=1 2 -1
right_child=-2 -3 -4
leaf_value=-0.00043485428248730274 -0.00099969273433089269 0.0011677528452128173 0.00010924612921809495
leaf_weight=130 20 29 421
leaf_count=130 20 29 421
internal_value=-1.34922e-07 3.59939e-05 -2.55799e-05
internal_weight=600 580 551
internal_count=600 580 551
cat_boundaries=0 1
cat_threshold=4
is_linear=0
shrinkage=0.05


Tree=121
num_leaves=4
num_cat=0
split_feature=3 3 3
split_gain=0.00853253 0.0260493 0.0222519
threshold=2328.9500000000003 3339.0500000000006 3732.150000000001
decision_type=2 2 2
left_child=-1 -2 -3
right_child=1 2 -4
leaf_value=0.00098971114050419562 -0.0020257062569726259 0.0014488835953390944 -4.8597628884331644e-05
leaf_weight=20 14.999999999999998 25 540
leaf_count=20 15 25 540
internal_value=-4.12163e-07 -3.6199e-05 2.01054e-05
internal_weight=600 580 565
internal_count=600 580 565
is_linear=0
shrinkage=0.05


Tree=122
num_leaves=4
num_cat=0
split_feature=6 6 4
split_gain=0.00800398 0.00896278 0.00893044
threshold=0.55000090951395275 0.55000000433154328 0.25000000008078921
decision_type=2 2 2
left_child=1 2 -1
right_child=-2 -3 -4
leaf_value=0.00046037563775114352 0.0010691332904731526 -0.00095771180512383585 -7.8306696035569789e-05
leaf_weight=91 15.999999999999998 24 469
leaf_count=91 16 24 469
internal_value=-3.61261e-07 -3.144e-05 9.89378e-06
internal_weight=600 584 560
internal_count=600 584 560
is_linear=0
shrinkage=0.05


Tree=123
num_leaves=4
num_cat=0
split_feature=3 3 3
split_gain=0.00793329 0.0153341 0.0128123
threshold=50119.900000000009 45004.000000000007 30491.500000000004
decision_type=2 2 2
left_child=1 2 -1
right_child=-2 -3 -4
leaf_value=5.2898383035121505e-05 -0.00095502320189206388 0.0015606341679813341 -0.00092181356675508953
leaf_weight=530 20 14.999999999999998 35
leaf_count=530 20 15 35
internal_value=-3.02142e-07 3.42064e-05 -9.00397e-06
internal_weight=600 580 565
internal_count=600 580 565
is_linear=0
shrinkage=0.05


Tree=124
num_leaves=7
num_cat=1
split_feature=0 3 3 3 3 4
split_gain=0.0080074 0.0176124 0.0182773 0.0131452 0.0301928 0.0136054
threshold=0 15120.400000000003 21436.950000000004 12002.200000000003 12248.500000000002 0.89999999772761885
decision_type=1 2 2 2 2 2
left_child=1 -1 -3 5 -5 -2
right_child=3 2 -4 4 -6 -7
leaf_value=0.00083158961373286464 -0.00036754011565915729 -0.0009828435325222771 0.00028876616660464597 -0.0026710939448093998 -0.00017171273568380334 0.00028166263499780132
leaf_weight=80 144 40 90 14.999999999999998 50 181
leaf_count=80 144 40 90 15 50 181
internal_value=-3.08943e-07 0.000241357 -0.000107014 -0.00013348 -0.000780225 -6.22919e-06
internal_weight=600 210 130 390 65 325
internal_count=600 210 130 390 65 325
cat_boundaries=0 1
cat_threshold=9
is_linear=0
shrinkage=0.05


Tree=125
num_leaves=4
num_cat=0
split_feature=3 3 3
split_gain=0.00768537 0.0236521 0.0200107
threshold=2328.9500000000003 3339.0500000000006 3732.150000000001
decision_type=2 2 2
left_child=-1 -2 -3
right_child=1 2 -4
leaf_value=0.00093916060314292002 -0.0019302453205455095 0.0013740761456294704 -4.5989597816185514e-05
leaf_weight=20 14.999999999999998 25 540
leaf_count=20 15 25 540
internal_value=-5.25699e-07 -3.44894e-05 1.91619e-05
internal_weight=600 580 565
internal_count=600 580 565
is_linear=0
shrinkage=0.05


Tree=126
num_leaves=7
num_cat=1
split_feature=0 3 3 3 3 3
split_gain=0.00748334 0.0405027 0.0263533 0.0520834 0.0188126 0.0165214
threshold=0 7886.3500000000013 5366.5500000000002 6241.2500000000009 3902.8500000000008 4867.8000000000002
decision_type=1 2 2 2 2 2
left_child=1 5 4 -4 -2 -1
right_child=2 -3 3 -5 -6 -7
leaf_value=0.00064767566833981004 0.00037480166093224569 -0.0021099228926826845 0.0024141179791723308 9.8611200790013869e-05 -0.0014798671802187839 -0.00051609209708136617
leaf_weight=60 20 25 25 370 40 60
leaf_count=60 20 25 25 370 40 60
internal_value=-4.71371e-07 -0.000300201 9.98886e-05 0.000250888 -0.000865635 6.63355e-05
internal_weight=600 145 455 395 60 120
internal_count=600 145 455 395 60 120
cat_boundaries=0 1
cat_threshold=4
is_linear=0
shrinkage=0.05


Tree=127
num_leaves=5
num_cat=0
split_feature=3 3 3 3
split_gain=0.00745199 0.0146043 0.0450254 0.018033
threshold=50119.900000000009 29843.900000000005 31525.950000000001 18637.300000000007
decision_type=2 2 2 2
left_child=1 3 -3 -1
right_child=-2 2 -4 -5
leaf_value=7.4599729461675351e-06 -0.00092580257027986509 0.0030430505896219986 -4.4140957154171623e-05 -0.0014881707084853026
leaf_weight=500 20 14.999999999999998 45 20
leaf_count=500 20 15 45 20
internal_value=-4.95286e-07 3.29504e-05 0.000764891 -5.28102e-05
internal_weight=600 580 60 520
internal_count=600 580 60 520
is_linear=0
shrinkage=0.05


Tree=128
num_leaves=5
num_cat=0
split_feature=5 3 3 5
split_gain=0.00713229 0.0104599 0.020799 0.000672574
threshold=0.75000001750144973 3088.6000000000004 3648.4000000000001 0.84999935580277164
decision_type=2 2 2 2
left_child=1 -1 -3 -2
right_child=3 2 -4 -5
leaf_value=-0.0010029804185722713 0.00091097400107077872 0.00141398199275136 -6.2595698262185478e-05 0.00041211422067135575
leaf_weight=26 18 24 517 14.999999999999998
leaf_count=26 18 24 517 15
internal_value=-4.21231e-07 -4.25273e-05 5.39664e-06 0.00070301
internal_weight=600 567 541 33
internal_count=600 567 541 33
is_linear=0
shrinkage=0.05


Tree=129
num_leaves=5
num_cat=0
split_feature=6 4 4 5
split_gain=0.00709095 0.00777429 0.0600955 0.0461348
threshold=0.55000090951395275 0.89999999619297422 0.90000000440449968 0.19999975858285285
decision_type=2 2 2 2
left_child=1 3 -3 -1
right_child=-2 2 -4 -5
leaf_value=-0.0025336095457896592 0.0010063868604929132 0.0019017347034865192 -0.00013463002684478521 -4.1694066804728847e-05
leaf_weight=19 15.999999999999998 41 263 261
leaf_count=19 16 41 263 261
internal_value=-2.61114e-07 -2.95137e-05 0.000145346 -0.000219203
internal_weight=600 584 304 280
internal_count=600 584 304 280
is_linear=0
shrinkage=0.05


Tree=130
num_leaves=7
num_cat=1
split_feature=0 3 3 3 3 3
split_gain=0.00718077 0.036939 0.0257231 0.0296697 0.0277995 0.0152382
threshold=0 7886.3500000000013 4152.9000000000005 10054.400000000001 3732.150000000001 4867.8000000000002
decision_type=1 2 2 2 2 2
left_child=1 5 4 -4 -2 -1
right_child=2 -3 3 -5 -6 -7
leaf_value=0.00061413062980673362 0.00024037046241573987 -0.0020226007813247495 0.00073660110099594005 -0.00012361010162031133 -0.0027410863025579602 -0.0005035172296749031
leaf_weight=60 15.000000000000002 25 160 265 14.999999999999998 60
leaf_count=60 15 25 160 265 15 60
internal_value=-2.31558e-07 -0.000293847 9.80709e-05 0.000201203 -0.00129069 5.57638e-05
internal_weight=600 145 455 425 30 120
internal_count=600 145 455 425 30 120
cat_boundaries=0 1
cat_threshold=4
is_linear=0
shrinkage=0.05


Tree=131
num_leaves=7
num_cat=1
split_feature=0 3 3 3 3 3
split_gain=0.00691931 0.0162626 0.0524679 0.0500119 0.0122669 0.0238752
threshold=0 30491.500000000004 26862.400000000005 33498.550000000003 12328.250000000002 13410.150000000001
decision_type=1 2 2 2 2 2
left_child=1 2 -1 -3 -2 -6
right_child=4 3 -4 -5 5 -7
leaf_value=0.00019788869454166001 -2.5163567844736916e-05 -0.0028453399310819807 0.0032408929633675147 0.00032620725604439425 -0.0016903464010195627 0.00070341861573979263
leaf_weight=125 345 14.999999999999998 14.999999999999998 55 30 14.999999999999998
leaf_count=125 345 15 15 55 30 15
internal_value=-5.36114e-07 0.00022412 0.000544598 -0.000383913 -0.000124321 -0.000894479
internal_weight=600 210 140 70 390 45
internal_count=600 210 140 70 390 45
cat_boundaries=0 1
cat_threshold=9
is_linear=0
shrinkage=0.05


Tree=132
num_leaves=5
num_cat=0
split_feature=3 3 3 4
split_gain=0.00689135 0.0144504 0.0473393 0.00495742
threshold=50119.900000000009 33498.550000000003 30491.500000000004 0.60000000037247303
decision_type=2 2 2 2
left_child=1 2 -1 -3
right_child=-2 3 -4 -5
leaf_value=4.8418446002100997e-05 -0.00089033656044020546 0.00038970408127888254 -0.0027119646139908585 0.0015924015509275098
leaf_weight=530 20 18 14.999999999999998 17
leaf_count=530 20 18 15 17
internal_value=-5.16974e-07 3.16461e-05 -3.23832e-05 0.00100188
internal_weight=600 580 545 35
internal_count=600 580 545 35
is_linear=0
shrinkage=0.05


Tree=133
num_leaves=5
num_cat=0
split_feature=5 3 3 5
split_gain=0.00671686 0.0101258 0.0180317 0.000494642
threshold=0.75000001750144973 3088.6000000000004 3648.4000000000001 0.84999935580277164
decision_type=2 2 2 2
left_child=1 -1 -3 -2
right_child=3 2 -4 -5
leaf_value=-0.00098647142639728624 0.00086408501098814757 0.0013172041922807694 -5.7640296694458305e-05 0.00042318224732298406
leaf_weight=26 18 24 517 14.999999999999998
leaf_count=26 18 24 517 15
internal_value=-6.21907e-07 -4.14829e-05 5.66869e-06 0.000682016
internal_weight=600 567 541 33
internal_count=600 567 541 33
is_linear=0
shrinkage=0.05


Tree=134
num_leaves=4
num_cat=0
split_feature=3 3 3
split_gain=0.00686381 0.0224262 0.0144985
threshold=2328.9500000000003 3339.0500000000006 3902.8500000000008
decision_type=2 2 2
left_child=-1 -2 -3
right_child=1 2 -4
leaf_value=0.00088758053967640514 -0.0018785307329380885 0.0010709882788960971 -4.1157444389112367e-05
leaf_weight=20 14.999999999999998 30 535
leaf_count=20 15 30 535
internal_value=-4.60988e-07 -3.25581e-05 1.96824e-05
internal_weight=600 580 565
internal_count=600 580 565
is_linear=0
shrinkage=0.05


Tree=135
num_leaves=7
num_cat=1
split_feature=0 3 3 8 4 3
split_gain=0.00663447 0.014556 0.0159419 0.0112109 0.0193708 0.00995491
threshold=0 15120.400000000003 21436.950000000004 0.24999997022597628 0.24999986849472991 9224.5000000000018
decision_type=1 2 2 2 2 2
left_child=1 5 -3 4 -2 -1
right_child=3 2 -4 -5 -6 -7
leaf_value=0.00011714124751354878 -0.0014358227494461785 -0.00091513460445240508 0.00027245364310526915 0.00087906756984571432 -8.8750461047322311e-05 0.0012397749709160289
leaf_weight=35 28 40 90 25 337 45
leaf_count=35 28 40 90 25 337 45
internal_value=-4.34713e-07 0.000219545 -9.71545e-05 -0.000121648 -0.000195728 0.000756133
internal_weight=600 210 130 390 365 80
internal_count=600 210 130 390 365 80
cat_boundaries=0 1
cat_threshold=9
is_linear=0
shrinkage=0.05


Tree=136
num_leaves=5
num_cat=0
split_feature=6 4 4 5
split_gain=0.00657777 0.0070789 0.0549014 0.0399974
threshold=0.55000090951395275 0.89999999619297422 0.90000000440449968 0.19999975858285285
decision_type=2 2 2 2
left_child=1 3 -3 -1
right_child=-2 2 -4 -5
leaf_value=-0.0023645615717396143 0.00096913107588668087 0.0018170477312413 -0.00012932534451107186 -4.428577276276876e-05
leaf_weight=19 15.999999999999998 41 263 261
leaf_count=19 16 41 263 261
internal_value=-4.07258e-07 -2.85812e-05 0.000138276 -0.000209588
internal_weight=600 584 304 280
internal_count=600 584 304 280
is_linear=0
shrinkage=0.05


Tree=137
num_leaves=7
num_cat=1
split_feature=0 3 3 3 3 3
split_gain=0.00654903 0.0337568 0.0251136 0.0264927 0.0227773 0.0140298
threshold=0 7886.3500000000013 4152.9000000000005 10054.400000000001 3732.150000000001 4867.8000000000002
decision_type=1 2 2 2 2 2
left_child=1 5 4 -4 -2 -1
right_child=2 -3 3 -5 -6 -7
leaf_value=0.00058922696215497547 0.00011360576027072964 -0.0019333671670980178 0.00070127035206999418 -0.00011159428439232831 -0.0025911905220709743 -0.00048318871632829064
leaf_weight=60 15.000000000000002 25 160 265 14.999999999999998 60
leaf_count=60 15 25 160 265 15 60
internal_value=-3.6626e-07 -0.000280764 9.35174e-05 0.000195353 -0.00127875 5.34573e-05
internal_weight=600 145 455 425 30 120
internal_count=600 145 455 425 30 120
cat_boundaries=0 1
cat_threshold=4
is_linear=0
shrinkage=0.05


Tree=138
num_leaves=5
num_cat=0
split_feature=3 3 3 3
split_gain=0.00632005 0.0136142 0.0401711 0.0166138
threshold=50119.900000000009 29843.900000000005 31525.950000000001 18637.300000000007
decision_type=2 2 2 2
left_child=1 3 -3 -1
right_child=-2 2 -4 -5
leaf_value=5.1987053561089431e-06 -0.00085279524902857483 0.0028886780404718594 -2.7645050305063308e-05 -0.0014303764267381105
leaf_weight=500 20 14.999999999999998 45 20
leaf_count=500 20 15 45 20
internal_value=-6.57034e-07 3.01443e-05 0.000736839 -5.26552e-05
internal_weight=600 580 60 520
internal_count=600 580 60 520
is_linear=0
shrinkage=0.05


Tree=139
num_leaves=5
num_cat=0
split_feature=5 3 3 5
split_gain=0.00616963 0.00951961 0.0150947 0.000565533
threshold=0.75000001750144973 3088.6000000000004 3648.4000000000001 0.84999935580277164
decision_type=2 2 2 2
left_child=1 -1 -3 -2
right_child=3 2 -4 -5
leaf_value=-0.00095600503996980416 0.00084475768166349129 0.0012059580348432065 -5.1944706319070793e-05 0.00038588505849475042
leaf_weight=26 18 24 517 14.999999999999998
leaf_count=26 18 24 517 15
internal_value=-5.75684e-07 -3.97369e-05 5.9808e-06 0.000653663
internal_weight=600 567 541 33
internal_count=600 567 541 33
is_linear=0
shrinkage=0.05


Tree=140
num_leaves=4
num_cat=0
split_feature=3 3 3
split_gain=0.00639328 0.0247393 0.0140976
threshold=2296.1500000000001 3088.6000000000004 3902.8500000000008
decision_type=2 2 2
left_child=-1 -2 -3
right_child=1 2 -4
leaf_value=0.00098567578243091702 -0.0019664290055516178 0.00098479600912671438 -3.7346750011251907e-05
leaf_weight=14.999999999999998 14.999999999999998 35 535
leaf_count=15 15 35 535
internal_value=-4.28042e-07 -2.73516e-05 2.70312e-05
internal_weight=600 585 570
internal_count=600 585 570
is_linear=0
shrinkage=0.05


Tree=141
num_leaves=7
num_cat=1
split_feature=0 3 3 3 3 3
split_gain=0.00620743 0.0140052 0.0451901 0.0429501 0.0101594 0.0217273
threshold=0 30491.500000000004 26862.400000000005 33498.550000000003 12328.250000000002 13410.150000000001
decision_type=1 2 2 2 2 2
left_child=1 2 -1 -3 -2 -6
right_child=4 3 -4 -5 5 -7
leaf_value=0.00018816781269537935 -2.7520250894488955e-05 -0.0026327785511966796 0.0030123075015580981 0.0003062990701956941 -0.0015782228118980364 0.0007041563629172743
leaf_weight=125 345 14.999999999999998 14.999999999999998 55 30 14.999999999999998
leaf_count=125 345 15 15 55 30 15
internal_value=-4.09412e-07 0.000212373 0.000509972 -0.000351714 -0.000117657 -0.000818661
internal_weight=600 210 140 70 390 45
internal_count=600 210 140 70 390 45
cat_boundaries=0 1
cat_threshold=9
is_linear=0
shrinkage=0.05


Tree=142
num_leaves=4
num_cat=0
split_feature=3 3 3
split_gain=0.00616893 0.0195731 0.0112587
threshold=2328.9500000000003 3339.0500000000006 3902.8500000000008
decision_type=2 2 2
left_child=-1 -2 -3
right_child=1 2 -4
leaf_value=0.00084149910447498173 -0.0017553759484144394 0.00094441134219631494 -3.5629366734542942e-05
leaf_weight=20 14.999999999999998 30 535
leaf_count=20 15 30 535
internal_value=-3.9122e-07 -3.08203e-05 1.79848e-05
internal_weight=600 580 565
internal_count=600 580 565
is_linear=0
shrinkage=0.05


Tree=143
num_leaves=7
num_cat=0
split_feature=3 3 3 3 3 4
split_gain=0.0063508 0.0798172 0.0560225 0.0497745 0.0626049 0.021029
threshold=5120.1500000000005 4867.8000000000002 4623.5000000000009 6241.2500000000009 6654.3500000000013 0.89999999685592924
decision_type=2 2 2 2 2 2
left_child=1 2 -1 5 -5 -2
right_child=3 -3 -4 4 -6 -7
leaf_value=-0.00028602926296557735 0.00050191863905638459 -0.0036173062224406751 0.0028985968907363716 -0.0022379705554715569 9.4254593193029374e-05 0.0028048772999847479
leaf_weight=100 19 14.999999999999998 14.999999999999998 30 400 21
leaf_count=100 19 15 15 30 400 21
internal_value=-3.72091e-07 -0.000308308 0.000150764 8.52753e-05 -7.32738e-05 0.00174989
internal_weight=600 130 115 470 430 40
internal_count=600 130 115 470 430 40
is_linear=0
shrinkage=0.05


Tree=144
num_leaves=5
num_cat=0
split_feature=3 3 3 4
split_gain=0.0059993 0.0125288 0.0406208 0.00471025
threshold=50119.900000000009 33498.550000000003 30491.500000000004 0.60000000037247303
decision_type=2 2 2 2
left_child=1 2 -1 -3
right_child=-2 3 -4 -5
leaf_value=4.4896621280155223e-05 -0.00083057371832962563 0.00033936523097126111 -0.0025121151207713414 0.0015079619776871469
leaf_weight=530 20 18 14.999999999999998 17
leaf_count=530 20 18 15 17
internal_value=-3.40315e-07 2.96687e-05 -2.99519e-05 0.00093309
internal_weight=600 580 545 35
internal_count=600 580 545 35
is_linear=0
shrinkage=0.05


Tree=145
num_leaves=7
num_cat=0
split_feature=3 3 3 3 3 4
split_gain=0.0058308 0.0725309 0.0508724 0.0449916 0.0568462 0.0190701
threshold=5120.1500000000005 4867.8000000000002 4623.5000000000009 6241.2500000000009 6654.3500000000013 0.89999999685592924
decision_type=2 2 2 2 2 2
left_child=1 2 -1 5 -5 -2
right_child=3 -3 -4 4 -6 -7
leaf_value=-0.00027409201897225473 0.00047594493720680474 -0.0034498494584113363 0.0027606206334894524 -0.0021318540324441969 9.0517865401283933e-05 0.0026688653552396735
leaf_weight=100 19 14.999999999999998 14.999999999999998 30 400 21
leaf_count=100 19 15 15 30 400 21
internal_value=-4.43976e-07 -0.000295503 0.000142126 8.16223e-05 -6.91179e-05 0.00166424
internal_weight=600 130 115 470 430 40
internal_count=600 130 115 470 430 40
is_linear=0
shrinkage=0.05


Tree=146
num_leaves=4
num_cat=0
split_feature=3 3 3
split_gain=0.00594361 0.0172432 0.0108178
threshold=2328.9500000000003 3339.0500000000006 3902.8500000000008
decision_type=2 2 2
left_child=-1 -2 -3
right_child=1 2 -4
leaf_value=0.00082596221362196275 -0.0016489415178511991 0.0009236442131711352 -3.7017894606806435e-05
leaf_weight=20 14.999999999999998 30 535
leaf_count=20 15 30 535
internal_value=-4.10114e-07 -3.02783e-05 1.55325e-05
internal_weight=600 580 565
internal_count=600 580 565
is_linear=0
shrinkage=0.05


Tree=147
num_leaves=6
num_cat=0
split_feature=5 3 3 3 5
split_gain=0.0058205 0.00783395 0.0315304 0.0171348 0.00047473
threshold=0.75000001750144973 4083.3000000000006 3732.150000000001 4867.8000000000002 0.84999935580277164
decision_type=2 2 2 2 2
left_child=1 2 -1 -3 -2
right_child=4 3 -4 -5 -6
leaf_value=4.3121589816027239e-05 0.0008118183823841575 0.0010236818849261909 -0.0024832344905007632 -5.5240642038330886e-05 0.00038549786804651379
leaf_weight=54 18 39 14.999999999999998 459 14.999999999999998
leaf_count=54 18 39 15 459 15
internal_value=-3.84308e-07 -3.84216e-05 -0.000533715 3.11354e-05 0.000635074
internal_weight=600 567 69 498 33
internal_count=600 567 69 498 33
is_linear=0
shrinkage=0.05


Tree=148
num_leaves=7
num_cat=1
split_feature=0 3 3 8 4 3
split_gain=0.00579964 0.0128149 0.014122 0.00982146 0.0178679 0.00918098
threshold=0 15120.400000000003 29843.900000000005 0.24999997022597628 0.24999986849472991 9224.5000000000018
decision_type=1 2 2 2 2 2
left_child=1 5 -3 4 -2 -1
right_child=3 2 -4 -5 -6 -7
leaf_value=9.5607758339610882e-05 -0.0013740589007221419 -0.00074304017927680243 0.00031921406115554738 0.00082293654021878661 -8.0325399809096773e-05 0.0011731528184811949
leaf_weight=35 28 50 80 25 337 45
leaf_count=35 28 50 80 25 337 45
internal_value=-3.87928e-07 0.000205286 -9.18986e-05 -0.000113719 -0.000183054 0.000708727
internal_weight=600 210 130 390 365 80
internal_count=600 210 130 390 365 80
cat_boundaries=0 1
cat_threshold=9
is_linear=0
shrinkage=0.05


Tree=149
num_leaves=5
num_cat=0
split_feature=6 4 4 5
split_gain=0.00611638 0.00588215 0.0492684 0.033639
threshold=0.55000090951395275 0.89999999619297422 0.90000000440449968 0.19999975858285285
decision_type=2 2 2 2
left_child=1 3 -3 -1
right_child=-2 2 -4 -5
leaf_value=-0.0021687919436953963 0.00093456519329372569 0.001714913900304098 -0.00012889452854406873 -4.0919115986938958e-05
leaf_weight=19 15.999999999999998 41 263 261
leaf_count=19 16 41 263 261
internal_value=-3.50767e-07 -2.75187e-05 0.000124584 -0.000192515
internal_weight=600 584 304 280
internal_count=600 584 304 280
is_linear=0
shrinkage=0.05


end of trees

feature_importances:
output_tonnes_per_year=555
sector=67
share_grid_electricity=29
share_natural_gas=26
share_coal=26
share_pet_coke=4
share_biomass=2

parameters:
[boosting: gbdt]
[objective: regression]
[metric: l2]
[tree_learner: serial]
[device_type: cpu]
[data_sample_strategy: bagging]
[data: ]
[valid: ]
[num_iterations: 150]
[learning_rate: 0.05]
[num_leaves: 7]
[num_threads: 8]
[seed: 0]
[deterministic: 0]
[force_col_wise: 0]
[force_row_wise: 0]
[histogram_pool_size: -1]
[max_depth: 3]
[min_data_in_leaf: 15]
[min_sum_hessian_in_leaf: 0.001]
[bagging_fraction: 1]
[pos_bagging_fraction: 1]
[neg_bagging_fraction: 1]
[bagging_freq: 0]
[bagging_seed: 3]
[bagging_by_query: 0]
[feature_fraction: 1]
[feature_fraction_bynode: 1]
[feature_fraction_seed: 2]
[extra_trees: 0]
[extra_seed: 6]
[early_stopping_round: 0]
[early_stopping_min_delta: 0]
[first_metric_only: 0]
[max_delta_step: 0]
[lambda_l1: 0]
[lambda_l2: 1]
[linear_lambda: 0]
[min_gain_to_split: 0]
[drop_rate: 0.1]
[max_drop: 50]
[skip_drop: 0.5]
[xgboost_dart_mode: 0]
[uniform_drop: 0]
[drop_seed: 4]
[top_rate: 0.2]
[other_rate: 0.1]
[min_data_per_group: 100]
[max_cat_threshold: 32]
[cat_l2: 10]
[cat_smooth: 10]
[max_cat_to_onehot: 4]
[top_k: 20]
[monotone_constraints: ]
[monotone_constraints_method: basic]
[monotone_penalty: 0]
[feature_contri: ]
[forcedsplits_filename: ]
[refit_decay_rate: 0.9]
[cegb_tradeoff: 1]
[cegb_penalty_split: 0]
[cegb_penalty_feature_lazy: ]
[cegb_penalty_feature_coupled: ]
[path_smooth: 0]
[interaction_constraints: ]
[verbosity: -1]
[saved_feature_importance_type: 0]
[use_quantized_grad: 0]
[num_grad_quant_bins: 4]
[quant_train_renew_leaf: 0]
[stochastic_rounding: 1]
[linear_tree: 0]
[max_bin: 255]
[max_bin_by_feature: ]
[min_data_in_bin: 3]
[bin_construct_sample_cnt: 200000]
[data_random_seed: 1]
[is_enable_sparse: 1]
[enable_bundle: 1]
[use_missing: 1]
[zero_as_missing: 0]
[feature_pre_filter: 1]
[pre_partition: 0]
[two_round: 0]
[header: 0]
[label_column: ]
[weight_column: ]
[group_column: ]
[ignore_column: ]
[categorical_feature: 0,1]
[forcedbins_filename: ]
[precise_float_parser: 0]
[parser_config_file: ]
[objective_seed: 5]
[num_class: 1]
[is_unbalance: 0]
[scale_pos_weight: 1]
[sigmoid: 1]
[boost_from_average: 1]
[reg_sqrt: 0]
[alpha: 0.9]
[fair_c: 1]
[poisson_max_delta_step: 0.7]
[tweedie_variance_power: 1.5]
[lambdarank_truncation_level: 30]
[lambdarank_norm: 1]
[label_gain: ]
[lambdarank_position_bias_regularization: 0]
[eval_at: ]
[multi_error_top_k: 1]
[auc_mu_weights: ]
[num_machines: 1]
[local_listen_port: 12400]
[time_out: 120]
[machine_list_filename: ]
[machines: ]
[gpu_platform_id: -1]
[gpu_device_id: -1]
[gpu_device_id_list: ]
[gpu_use_dp: 0]
[num_gpu: 1]

end of parameters

pandas_categorical:[["Ceramics", "Chemicals", "Engineering", "Textiles"], ["boiler", "compressor", "dryer", "effluent", "furnace", "generic", "kiln"]]
